ITL1 Region,LA code,LA name,1998,1999,2000,2001,2002,2003,2004,2005,2006,2007,2008,2009,2010,2011,2012,2013,2014,2015,2016,2017,2018,2019,2020,2021,2022,2023
North East ,E06000001,Hartlepool,761,803,815,816,863,911,947,987,"1,036","1,088","1,118","1,099","1,111","1,143","1,176","1,223","1,191","1,254","1,364","1,379","1,338","1,378","1,409","1,352","1,457","1,614"
North East ,E06000004,Stockton-on-Tees,"2,555","2,665","2,743","2,769","2,923","3,143","3,397","3,510","3,782","3,983","4,050","4,210","4,185","4,174","4,241","4,427","4,565","4,850","4,921","4,843","4,929","5,215","5,139","5,448","5,941","6,113"
North East ,E06000002,Middlesbrough,"1,475","1,536","1,579","1,591","1,656","1,762","1,911","2,053","2,187","2,249","2,316","2,363","2,304","2,358","2,397","2,396","2,457","2,553","2,662","2,815","3,006","3,009","2,783","3,131","3,526","3,805"
North East ,E06000003,Redcar and Cleveland,"1,258","1,273","1,306","1,276","1,309","1,446","1,469","1,507","1,527","1,541","1,654","1,627","1,687","1,696","1,711","1,739","1,810","1,861","1,790","1,656","1,740","1,800","1,798","1,858","2,051","2,171"
North East ,E06000005,Darlington,"1,518","1,553","1,671","1,777","1,899","2,022","2,157","2,142","2,179","2,138","2,267","2,145","2,209","2,264","2,285","2,322","2,575","2,725","2,575","2,561","2,529","2,504","2,301","2,515","2,733","3,025"
North East ,E06000047,County Durham,"4,642","4,878","5,016","5,143","5,418","5,794","6,264","6,542","6,994","7,269","7,553","7,661","7,674","7,543","7,729","7,854","7,831","7,902","7,932","8,215","8,651","9,070","9,139","9,743","10,569","12,123"
North East ,E06000057,Northumberland,"3,034","3,028","3,078","3,187","3,440","3,561","3,824","3,953","4,159","4,244","4,379","4,293","4,401","4,501","4,533","4,503","4,664","4,745","4,901","4,991","5,032","5,378","5,072","5,514","6,089","6,605"
North East ,E08000021,Newcastle upon Tyne,"4,322","4,290","4,429","4,788","5,169","5,465","6,047","6,460","6,831","6,877","6,890","6,867","7,118","7,402","7,675","7,737","7,940","8,475","8,746","9,112","9,095","9,455","8,717","9,879","10,933","12,223"
North East ,E08000022,North Tyneside,"2,050","2,083","2,128","2,326","2,589","2,703","2,929","3,068","3,163","3,240","3,373","3,265","3,343","3,444","3,533","3,522","3,697","3,863","4,010","4,388","4,545","4,620","4,383","4,833","5,239","6,005"
North East ,E08000023,South Tyneside,"1,105","1,104","1,134","1,173","1,226","1,283","1,389","1,463","1,525","1,541","1,586","1,500","1,555","1,596","1,754","1,763","1,881","1,875","1,797","1,812","1,803","1,905","1,707","1,946","2,061","2,206"
North East ,E08000037,Gateshead,"2,600","2,615","2,684","2,809","3,000","3,145","3,423","3,643","3,835","3,895","3,878","3,730","3,859","4,050","4,136","3,884","3,940","3,986","4,066","4,077","4,087","4,514","3,957","4,512","4,649","5,039"
North East ,E08000024,Sunderland,"3,497","3,424","3,556","3,755","4,044","4,227","4,657","4,903","5,163","5,184","5,359","5,458","5,391","5,449","5,602","6,077","6,314","6,480","6,555","6,869","6,790","7,210","6,290","6,509","7,115","7,961"
North West ,E06000063,Cumberland,"3,684","3,880","3,708","3,773","3,945","4,187","4,254","4,587","4,939","5,021","5,428","5,317","5,441","5,337","5,462","5,785","6,086","6,210","6,054","5,977","6,068","6,268","5,600","5,741","6,700","7,310"
North West ,E06000064,Westmorland and Furness,"2,865","2,877","2,993","2,958","3,205","3,473","3,657","3,708","4,029","4,188","4,450","4,319","4,415","4,442","4,705","4,731","4,928","5,215","5,246","5,517","5,693","6,155","5,806","6,239","7,036","7,746"
North West ,E08000003,Manchester,"8,872","9,308","9,541","10,315","10,955","11,565","12,472","13,499","14,477","15,250","15,563","16,067","16,549","16,589","17,379","17,834","18,407","19,354","20,597","22,675","23,478","25,282","24,894","27,333","32,274","35,873"
North West ,E08000006,Salford,"3,238","3,398","3,434","3,637","3,778","3,971","4,323","4,702","4,996","5,254","5,367","5,368","5,438","5,460","5,853","6,446","6,888","6,982","6,806","7,039","7,624","8,078","8,422","9,080","10,225","10,748"
North West ,E08000009,Trafford,"4,336","4,546","4,738","5,069","5,343","5,573","5,735","6,009","6,291","6,578","6,741","6,597","6,647","6,675","6,889","7,193","7,301","7,820","8,149","8,689","9,181","9,362","9,396","10,207","11,184","12,304"
North West ,E08000007,Stockport,"3,548","3,737","3,876","4,066","4,237","4,434","4,606","4,822","5,042","5,302","5,515","5,596","5,585","5,482","5,686","5,764","5,760","5,784","6,042","6,529","6,815","6,900","7,075","7,402","8,458","9,377"
North West ,E08000008,Tameside,"1,913","2,021","2,087","2,156","2,236","2,308","2,366","2,533","2,611","2,727","2,760","2,739","2,767","2,772","2,849","2,955","3,049","3,076","3,054","3,296","3,387","3,422","3,413","3,450","3,728","4,025"
North West ,E08000001,Bolton,"2,890","3,003","3,016","3,202","3,297","3,428","3,612","3,846","4,031","4,198","4,208","4,273","4,329","4,327","4,554","4,787","4,880","5,083","5,255","5,546","5,898","5,895","6,071","6,169","6,575","7,467"
North West ,E08000010,Wigan,"2,694","2,824","2,930","3,084","3,188","3,317","3,437","3,628","3,789","3,940","3,877","3,808","3,845","3,859","3,998","4,274","4,401","4,697","4,815","5,037","5,120","5,112","5,244","5,541","6,154","6,705"
North West ,E08000002,Bury,"1,734","1,818","1,879","1,987","2,116","2,201","2,293","2,419","2,542","2,673","2,680","2,648","2,703","2,714","2,819","2,898","2,875","3,038","3,094","3,177","3,275","3,498","3,465","3,509","3,698","4,278"
North West ,E08000004,Oldham,"2,019","2,108","2,162","2,244","2,335","2,382","2,518","2,675","2,799","2,909","2,977","2,930","2,965","2,986","3,035","3,159","3,322","3,476","3,554","3,855","3,910","4,112","3,872","4,003","4,513","4,880"
North West ,E08000005,Rochdale,"1,968","2,081","2,130","2,228","2,292","2,361","2,476","2,590","2,651","2,786","2,801","2,765","2,843","2,835","3,024","3,133","3,164","3,258","3,278","3,385","3,556","3,720","3,639","3,758","4,289","4,693"
North West ,E06000008,Blackburn with Darwen,"1,528","1,583","1,596","1,634","1,714","1,851","1,940","1,992","2,050","2,145","2,219","2,164","2,252","2,308","2,451","2,528","2,659","2,827","2,974","3,022","3,052","3,150","3,107","3,483","3,852","4,160"
North West ,E06000009,Blackpool,"1,275","1,309","1,339","1,406","1,485","1,614","1,740","1,816","1,867","1,906","1,917","1,848","1,932","1,943","2,008","2,053","2,115","2,230","2,370","2,513","2,614","2,847","2,667","2,807","3,147","3,310"
North West ,E07000121,Lancaster,"1,520","1,558","1,507","1,533","1,645","1,845","1,988","2,169","2,329","2,425","2,452","2,208","2,178","2,187","2,283","2,437","2,460","2,622","2,628","2,675","2,684","2,848","2,884","2,946","3,305","3,831"
North West ,E07000128,Wyre,836,864,889,914,962,"1,056","1,103","1,122","1,139","1,159","1,211","1,162","1,186","1,215","1,257","1,309","1,357","1,585","1,626","1,627","1,688","1,771","1,607","1,759","1,944","2,063"
North West ,E07000119,Fylde,"1,712","1,850","1,967","2,088","2,104","2,293","2,516","2,640","2,650","2,749","2,805","2,559","2,478","2,472","2,487","2,523","2,312","2,467","2,676","2,798","2,587","2,678","2,482","2,695","3,033","3,320"
North West ,E07000123,Preston,"2,214","2,315","2,373","2,479","2,653","2,857","3,028","3,117","3,224","3,381","3,334","3,357","3,482","3,497","3,705","3,640","3,801","4,000","4,290","4,312","4,356","4,524","4,181","4,633","5,091","5,597"
North West ,E07000124,Ribble Valley,"1,017","1,082","1,119","1,172","1,209","1,312","1,414","1,458","1,475","1,507","1,538","1,381","1,372","1,464","1,529","1,680","1,745","1,807","1,731","1,775","1,756","1,621","1,787","2,106","2,119","2,221"
North West ,E07000126,South Ribble,"1,894","1,925","1,999","2,026","2,136","2,312","2,414","2,455","2,443","2,651","2,727","2,561","2,598","2,672","2,779","2,933","3,188","3,366","3,526","3,633","3,567","3,667","3,780","4,182","4,457","4,754"
North West ,E07000117,Burnley,992,"1,041","1,063","1,092","1,122","1,205","1,262","1,311","1,361","1,428","1,455","1,404","1,470","1,511","1,594","1,597","1,700","1,704","1,804","1,888","2,029","2,007","1,953","2,132","2,342","2,356"
North West ,E07000120,Hyndburn,796,838,819,843,878,914,961,995,"1,019","1,083","1,124","1,077","1,118","1,157","1,225","1,253","1,289","1,329","1,451","1,462","1,333","1,425","1,336","1,494","1,594","1,758"
North West ,E07000122,Pendle,"1,054","1,132","1,156","1,190","1,210","1,301","1,374","1,440","1,466","1,491","1,478","1,306","1,321","1,390","1,432","1,409","1,461","1,494","1,597","1,668","1,775","1,775","1,614","1,773","1,794","1,990"
North West ,E07000125,Rossendale,612,628,639,648,682,732,759,773,789,823,836,818,844,867,856,889,951,"1,011","1,005","1,009",993,"1,043",952,"1,079","1,164","1,289"
North West ,E07000118,Chorley,969,"1,006","1,054","1,111","1,189","1,272","1,329","1,354","1,383","1,457","1,512","1,470","1,538","1,546","1,587","1,602","1,658","1,737","1,844","1,876","1,960","2,191","2,051","2,374","2,516","2,790"
North West ,E07000127,West Lancashire,"1,267","1,302","1,314","1,352","1,432","1,526","1,618","1,630","1,666","1,755","1,815","1,821","1,888","1,919","1,934","1,962","2,103","2,148","2,378","2,511","2,577","2,718","2,646","2,919","3,228","3,635"
North West ,E06000007,Warrington,"3,632","3,689","3,872","4,257","4,441","4,590","4,741","5,053","5,292","5,585","5,545","5,285","5,405","5,510","5,683","5,984","6,330","6,687","6,966","7,540","7,612","8,142","8,108","8,520","9,364","10,470"
North West ,E06000049,Cheshire East,"5,940","6,218","6,458","7,542","7,771","7,484","8,357","8,884","9,575","9,769","9,700","9,452","9,837","10,303","10,864","11,154","11,826","12,344","13,371","13,343","13,775","14,237","13,770","13,810","15,524","16,927"
North West ,E06000050,Cheshire West and Chester,"4,890","5,270","5,213","5,724","5,829","6,240","6,426","6,704","7,230","7,760","7,861","8,187","8,642","8,514","8,675","9,023","9,497","9,235","9,598","10,436","10,645","11,307","10,514","11,715","12,894","14,193"
North West ,E06000006,Halton,"2,218","2,320","2,427","2,482","2,574","2,792","2,818","2,964","3,226","3,115","3,353","3,416","3,477","3,514","3,336","3,492","3,719","3,855","3,846","3,954","4,105","4,285","3,957","4,259","4,670","5,173"
North West ,E08000011,Knowsley,"1,668","1,682","1,689","1,811","1,868","1,994","2,067","2,061","2,185","2,274","2,381","2,338","2,480","2,550","2,658","2,895","3,044","3,170","3,402","3,622","3,507","3,707","3,537","3,938","4,163","4,562"
North West ,E08000013,St. Helens,"1,599","1,735","1,809","1,908","2,019","2,117","2,206","2,273","2,428","2,508","2,526","2,495","2,555","2,516","2,444","2,482","2,593","2,645","2,687","2,684","2,718","2,797","2,623","2,908","2,995","3,156"
North West ,E08000012,Liverpool,"5,968","6,289","6,657","7,095","7,517","8,274","8,816","9,315","10,180","10,147","10,701","11,209","11,226","11,291","11,087","11,225","11,779","12,110","12,318","12,809","12,955","14,077","13,715","15,236","16,846","18,431"
North West ,E08000014,Sefton,"2,141","2,288","2,357","2,514","2,685","2,855","3,002","3,090","3,285","3,328","3,457","3,506","3,525","3,431","3,429","3,482","3,625","3,748","3,900","4,040","4,103","4,182","4,186","4,699","4,991","5,368"
North West ,E08000015,Wirral,"2,581","2,764","2,846","3,016","3,190","3,423","3,649","3,716","3,941","3,995","4,137","4,166","4,162","4,185","4,243","4,327","4,515","4,750","4,697","4,884","4,925","5,241","5,234","5,441","5,979","6,625"
Yorkshire and The Humber,E06000010,"Kingston upon Hull, City of","3,023","3,104","3,304","3,472","3,716","3,996","4,096","4,292","4,711","4,941","5,472","5,482","5,213","5,025","5,097","5,090","5,132","5,386","5,536","5,761","5,943","6,044","5,423","6,367","6,713","7,403"
Yorkshire and The Humber,E06000011,East Riding of Yorkshire,"3,742","3,714","3,869","4,063","4,385","4,663","5,007","5,134","5,430","5,510","5,597","5,352","5,193","5,216","5,370","5,525","5,808","6,054","6,134","6,399","6,830","7,139","6,947","8,048","8,621","9,375"
Yorkshire and The Humber,E06000012,North East Lincolnshire,"1,742","1,788","1,858","1,947","2,018","2,120","2,194","2,290","2,406","2,577","2,628","2,611","2,547","2,644","2,669","2,755","2,939","3,063","3,039","3,121","3,098","3,250","3,320","3,750","3,851","4,253"
Yorkshire and The Humber,E06000013,North Lincolnshire,"2,276","2,221","2,315","2,416","2,480","2,798","3,010","3,156","3,087","3,522","3,802","3,442","3,671","3,372","3,382","3,467","3,519","3,909","4,013","4,347","4,254","5,040","4,400","5,640","5,820","5,577"
Yorkshire and The Humber,E06000014,York,"3,200","3,338","3,496","3,769","4,169","4,463","4,705","4,867","4,950","5,191","5,204","5,051","5,149","5,249","5,374","5,404","5,523","5,640","5,817","6,210","6,350","6,405","5,904","6,756","7,705","8,511"
Yorkshire and The Humber,E06000065,North Yorkshire,"7,392","7,540","7,900","8,294","9,058","9,543","9,932","10,213","10,760","11,391","11,686","11,394","11,326","11,765","12,074","12,599","12,860","13,097","13,512","14,431","14,484","15,200","14,623","16,486","18,057","19,945"
Yorkshire and The Humber,E08000019,Sheffield,"6,524","6,577","6,877","7,506","8,018","8,576","9,092","9,529","10,087","10,736","10,603","10,671","10,886","11,151","11,357","11,682","11,916","12,205","12,318","12,488","12,560","13,154","13,227","14,218","15,727","17,295"
Yorkshire and The Humber,E08000016,Barnsley,"1,961","1,956","2,023","2,131","2,222","2,368","2,530","2,629","2,748","2,959","2,899","2,791","2,885","2,971","3,086","3,207","3,350","3,428","3,488","3,655","3,817","3,975","3,888","4,192","4,687","5,052"
Yorkshire and The Humber,E08000018,Rotherham,"2,435","2,441","2,537","2,676","2,829","2,999","3,110","3,253","3,377","3,635","3,638","3,483","3,627","3,721","3,981","3,979","4,093","4,264","4,356","4,574","4,611","4,764","4,606","4,880","5,331","5,606"
Yorkshire and The Humber,E08000017,Doncaster,"2,622","2,653","2,741","2,889","3,048","3,247","3,483","3,599","3,837","4,108","4,117","3,908","4,021","4,037","4,142","4,241","4,490","4,835","4,957","5,477","5,538","5,722","5,671","5,989","6,713","7,191"
Yorkshire and The Humber,E08000032,Bradford,"5,228","5,497","5,555","5,773","5,962","6,282","6,618","6,984","7,228","7,605","7,872","7,802","7,792","8,063","8,203","8,389","8,490","8,800","9,017","9,470","9,596","9,720","9,664","10,416","11,129","11,745"
Yorkshire and The Humber,E08000035,Leeds,"12,317","13,113","13,505","14,072","14,774","16,033","17,289","18,577","19,757","20,858","20,758","20,706","21,054","21,419","21,873","22,477","23,122","23,967","24,230","24,951","26,458","27,391","25,938","28,823","33,073","36,554"
Yorkshire and The Humber,E08000033,Calderdale,"2,164","2,264","2,288","2,393","2,439","2,615","2,777","3,058","3,236","3,387","3,249","3,165","3,244","3,336","3,424","3,568","4,109","4,552","4,550","4,938","5,270","5,277","5,012","5,640","5,378","5,845"
Yorkshire and The Humber,E08000034,Kirklees,"3,973","4,152","4,224","4,340","4,432","4,663","4,821","5,075","5,243","5,522","5,618","5,512","5,558","5,669","5,823","5,938","6,171","6,525","6,660","7,118","7,440","7,503","7,264","7,900","8,522","9,223"
Yorkshire and The Humber,E08000036,Wakefield,"4,031","4,232","4,365","4,546","4,699","4,940","5,123","5,361","5,538","5,718","5,855","5,774","5,661","5,762","5,916","6,110","6,120","6,567","6,819","7,082","7,545","7,921","7,681","8,270","9,355","10,250"
East Midlands ,E06000015,Derby,"3,773","4,016","4,181","4,392","4,636","4,795","5,190","5,682","5,854","5,998","6,127","6,003","6,079","6,399","6,529","6,799","6,643","6,636","6,702","6,695","7,167","7,459","7,788","8,200","8,462","9,226"
East Midlands ,E07000033,Bolsover,"1,027","1,034","1,046","1,089","1,092","1,095","1,135","1,209","1,238","1,288","1,365","1,337","1,373","1,371","1,429","1,457","1,463","1,655","1,741","1,847","1,975","2,014","2,047","2,178","2,365","2,481"
East Midlands ,E07000034,Chesterfield,"1,143","1,172","1,206","1,283","1,350","1,388","1,477","1,590","1,631","1,707","1,746","1,700","1,790","1,786","1,908","1,957","2,026","2,151","2,193","2,276","2,347","2,402","2,555","2,770","2,973","3,074"
East Midlands ,E07000038,North East Derbyshire,736,774,785,804,831,869,897,963,974,"1,001","1,045",991,"1,021","1,070","1,081","1,137","1,236","1,344","1,334","1,332","1,396","1,467","1,493","1,608","1,745","1,820"
East Midlands ,E07000032,Amber Valley,"1,513","1,533","1,511","1,542","1,604","1,644","1,721","1,846","1,900","1,974","2,038","1,920","2,014","2,038","2,141","2,232","2,345","2,411","2,448","2,496","2,577","2,750","2,775","2,892","3,119","3,456"
East Midlands ,E07000035,Derbyshire Dales,858,890,900,941,966,"1,000","1,058","1,123","1,140","1,177","1,220","1,163","1,234","1,259","1,341","1,358","1,346","1,356","1,420","1,451","1,554","1,554","1,523","1,625","1,823","1,953"
East Midlands ,E07000036,Erewash,844,869,876,924,959,985,"1,033","1,109","1,159","1,195","1,227","1,165","1,226","1,287","1,333","1,420","1,431","1,470","1,539","1,610","1,651","1,775","1,735","1,816","1,941","2,084"
East Midlands ,E07000037,High Peak,907,923,931,960,995,"1,034","1,077","1,134","1,141","1,157","1,191","1,109","1,127","1,172","1,218","1,221","1,277","1,352","1,405","1,456","1,486","1,487","1,466","1,556","1,760","1,796"
East Midlands ,E07000039,South Derbyshire,"1,310","1,321","1,314","1,315","1,384","1,479","1,545","1,690","1,639","1,660","1,756","1,614","1,885","1,938","2,015","2,336","2,425","2,367","2,561","2,628","2,754","3,206","3,104","3,147","2,855","3,112"
East Midlands ,E06000018,Nottingham,"4,559","4,741","4,822","5,111","5,411","5,757","6,297","6,657","7,128","7,393","7,609","7,574","7,883","8,220","8,458","8,591","9,175","9,342","9,665","10,130","10,317","10,456","10,146","10,516","11,714","12,900"
East Midlands ,E07000170,Ashfield,"1,743","1,735","1,749","1,777","1,853","1,854","1,962","2,074","2,156","2,239","2,296","2,228","2,312","2,320","2,364","2,462","2,537","2,570","2,570","2,626","2,706","2,791","2,700","2,859","2,986","3,263"
East Midlands ,E07000171,Bassetlaw,"1,184","1,252","1,279","1,311","1,371","1,426","1,503","1,557","1,612","1,665","1,702","1,677","1,743","1,790","1,864","1,921","1,936","2,008","2,048","2,083","2,166","2,278","2,362","2,430","2,678","2,884"
East Midlands ,E07000174,Mansfield,792,825,831,862,898,945,"1,013","1,078","1,123","1,170","1,194","1,145","1,175","1,215","1,273","1,292","1,368","1,428","1,459","1,498","1,585","1,673","1,669","1,756","1,937","2,148"
East Midlands ,E07000175,Newark and Sherwood,"1,251","1,324","1,365","1,389","1,440","1,523","1,567","1,635","1,718","1,778","1,834","1,799","1,849","1,971","2,010","2,068","2,067","2,188","2,255","2,372","2,420","2,522","2,457","2,596","2,912","3,014"
East Midlands ,E07000172,Broxtowe,"1,256","1,299","1,280","1,282","1,351","1,397","1,450","1,576","1,639","1,692","1,708","1,729","1,785","1,844","1,929","1,996","1,965","2,032","2,099","2,121","2,125","1,970","2,017","2,196","2,479","2,781"
East Midlands ,E07000173,Gedling,862,882,887,931,963,982,"1,016","1,072","1,118","1,166","1,204","1,165","1,193","1,215","1,284","1,289","1,310","1,375","1,408","1,445","1,460","1,504","1,541","1,669","1,785","1,970"
East Midlands ,E07000176,Rushcliffe,"1,246","1,307","1,338","1,431","1,450","1,482","1,579","1,668","1,733","1,854","1,955","1,903","1,956","1,936","2,005","2,132","2,178","2,227","2,245","2,364","2,741","3,066","3,014","2,960","3,395","3,684"
East Midlands ,E06000016,Leicester,"3,813","3,928","4,132","4,249","4,365","4,667","5,018","5,266","5,648","5,968","6,223","6,181","6,468","6,522","6,784","7,022","7,624","7,886","8,106","8,231","8,579","8,790","8,427","9,174","9,506","10,320"
East Midlands ,E06000017,Rutland,462,475,512,528,542,567,590,613,648,664,701,668,701,686,707,706,733,777,813,792,817,802,803,916,"1,006","1,083"
East Midlands ,E07000129,Blaby,"1,468","1,457","1,565","1,590","1,669","1,805","2,056","2,175","2,353","2,544","2,738","2,876","2,846","2,704","2,951","3,248","3,399","3,519","3,421","3,569","3,639","3,665","3,221","3,550","4,300","5,047"
East Midlands ,E07000130,Charnwood,"1,883","1,945","2,075","2,263","2,356","2,488","2,610","2,724","2,847","2,889","3,079","2,945","3,013","2,985","3,033","2,909","3,020","3,190","3,410","3,547","3,659","3,643","3,614","3,962","4,218","4,961"
East Midlands ,E07000131,Harborough,"1,025","1,068","1,113","1,121","1,173","1,268","1,299","1,365","1,468","1,562","1,606","1,516","1,599","1,590","1,625","1,645","1,802","1,893","1,901","2,014","2,067","2,182","2,096","2,269","2,467","2,661"
East Midlands ,E07000132,Hinckley and Bosworth,"1,163","1,173","1,258","1,299","1,331","1,406","1,452","1,496","1,646","1,739","1,860","1,702","1,809","1,837","1,915","2,004","2,121","2,134","2,154","2,288","2,328","2,398","2,271","2,552","2,776","2,944"
East Midlands ,E07000133,Melton,627,634,655,665,700,720,736,731,793,844,887,897,930,916,952,972,965,"1,084","1,131","1,140","1,217","1,272","1,199","1,342","1,416","1,493"
East Midlands ,E07000134,North West Leicestershire,"1,648","1,671","1,753","1,787","1,871","2,039","2,088","2,195","2,349","2,494","2,564","2,426","2,576","2,552","2,654","2,879","2,973","3,019","3,206","3,270","3,570","3,692","3,360","3,935","4,399","4,907"
East Midlands ,E07000135,Oadby and Wigston,465,477,496,511,521,555,578,593,628,653,688,667,687,681,724,728,723,726,756,745,770,787,743,839,886,"1,009"
East Midlands ,E06000062,West Northamptonshire,"5,334","5,423","5,808","6,019","6,219","6,506","6,843","7,228","7,865","8,371","8,703","8,417","8,746","8,849","8,993","9,558","9,964","10,357","10,767","11,444","12,242","12,698","12,168","13,404","14,634","15,792"
East Midlands ,E06000061,North Northamptonshire,"3,625","3,721","3,891","3,961","3,993","4,240","4,428","4,586","4,815","5,077","5,294","5,072","5,304","5,208","5,538","5,713","5,998","6,210","6,381","6,523","6,843","7,110","6,823","7,483","8,175","8,806"
East Midlands ,E07000136,Boston,696,698,740,800,838,887,870,888,927,983,"1,030",999,"1,007","1,050","1,107","1,161","1,244","1,256","1,295","1,369","1,416","1,451","1,372","1,461","1,518","1,640"
East Midlands ,E07000137,East Lindsey,"1,254","1,271","1,335","1,415","1,507","1,564","1,566","1,577","1,696","1,732","1,848","1,778","1,804","1,880","1,927","2,031","2,067","2,100","2,143","2,257","2,273","2,439","2,339","2,544","2,661","2,876"
East Midlands ,E07000138,Lincoln,"1,248","1,277","1,302","1,400","1,495","1,624","1,634","1,724","1,886","2,011","2,159","2,134","2,147","2,163","2,197","2,303","2,356","2,506","2,531","2,617","2,730","2,841","2,679","2,783","2,899","3,215"
East Midlands ,E07000139,North Kesteven,"1,272","1,304","1,352","1,448","1,535","1,606","1,584","1,608","1,740","1,822","1,919","1,848","1,859","1,877","1,986","2,081","2,158","2,170","2,160","2,365","2,503","2,663","2,626","2,879","3,093","3,297"
East Midlands ,E07000140,South Holland,"1,089","1,105","1,159","1,244","1,268","1,322","1,270","1,271","1,345","1,425","1,472","1,446","1,452","1,480","1,575","1,685","1,716","1,730","1,828","1,995","2,079","2,118","2,157","2,404","2,344","2,586"
East Midlands ,E07000141,South Kesteven,"1,435","1,455","1,514","1,652","1,735","1,858","1,861","1,926","2,038","2,178","2,306","2,213","2,274","2,267","2,428","2,501","2,553","2,530","2,525","2,728","2,767","2,865","2,740","2,899","3,109","3,381"
East Midlands ,E07000142,West Lindsey,757,756,837,863,912,954,950,955,"1,013","1,055","1,138","1,075","1,085","1,101","1,150","1,250","1,303","1,321","1,311","1,366","1,457","1,605","1,589","1,794","1,918","2,059"
West Midlands ,E06000019,"Herefordshire, County of","2,165","2,277","2,386","2,407","2,534","2,606","2,591","2,614","2,712","2,777","2,938","2,832","2,846","2,996","3,106","3,235","3,412","3,511","3,534","3,679","3,886","4,043","3,898","4,141","4,532","4,927"
West Midlands ,E07000234,Bromsgrove,"1,308","1,350","1,438","1,454","1,444","1,551","1,705","1,825","2,021","1,795","1,940","2,087","2,118","2,238","2,402","2,483","2,514","2,363","2,463","2,794","2,864","2,872","2,812","2,898","3,462","3,780"
West Midlands ,E07000235,Malvern Hills,822,878,918,973,"1,065","1,096","1,136","1,133","1,182","1,215","1,268","1,233","1,305","1,376","1,357","1,344","1,403","1,406","1,441","1,497","1,629","1,757","1,638","1,651","1,846","2,069"
West Midlands ,E07000236,Redditch,"1,003","1,037","1,077","1,087","1,096","1,151","1,228","1,252","1,328","1,345","1,403","1,357","1,409","1,484","1,577","1,722","1,922","2,040","2,079","2,231","2,207","2,163","2,013","2,002","2,200","2,446"
West Midlands ,E07000237,Worcester,"1,500","1,566","1,644","1,668","1,714","1,852","1,965","2,015","2,154","2,205","2,279","2,250","2,311","2,411","2,648","2,820","2,897","3,003","2,791","2,938","3,030","3,090","3,048","3,128","3,521","3,799"
West Midlands ,E07000238,Wychavon,"1,355","1,434","1,508","1,555","1,558","1,662","1,741","1,768","1,882","1,928","2,026","1,916","1,946","2,086","2,216","2,237","2,413","2,529","2,572","2,713","2,898","3,064","3,072","3,192","3,361","3,673"
West Midlands ,E07000239,Wyre Forest,830,865,893,906,926,983,"1,025","1,058","1,111","1,137","1,171","1,119","1,126","1,178","1,229","1,239","1,295","1,284","1,318","1,369","1,427","1,493","1,432","1,498","1,652","1,750"
West Midlands ,E07000218,North Warwickshire,"1,299","1,403","1,453","1,456","1,478","1,556","1,604","1,675","1,766","1,767","1,813","1,726","1,810","1,898","2,084","2,200","2,266","2,405","2,344","2,635","2,953","2,945","2,760","2,913","3,360","3,721"
West Midlands ,E07000219,Nuneaton and Bedworth,920,971,"1,009","1,032","1,046","1,092","1,154","1,198","1,261","1,283","1,335","1,272","1,294","1,360","1,495","1,637","1,780","1,835","1,803","1,961","2,082","2,161","2,060","2,149","2,434","2,669"
West Midlands ,E07000220,Rugby,"1,376","1,497","1,560","1,609","1,661","1,752","1,903","1,953","2,065","2,126","2,214","2,067","2,152","2,247","2,341","2,399","2,509","2,686","2,804","2,982","2,959","2,881","2,781","2,976","3,504","3,997"
West Midlands ,E07000221,Stratford-on-Avon,"1,863","2,027","2,180","2,203","2,271","2,301","2,342","2,629","2,796","2,867","3,019","2,795","2,981","3,170","3,394","3,740","3,885","4,072","4,287","4,926","5,064","5,042","4,480","4,823","5,360","6,266"
West Midlands ,E07000222,Warwick,"2,402","2,554","2,618","2,659","2,810","3,138","3,263","3,385","3,576","3,625","3,763","3,731","3,825","3,992","4,203","4,643","5,050","5,511","5,647","6,306","6,299","6,476","6,206","5,995","7,057","8,514"
West Midlands ,E06000020,Telford and Wrekin,"2,321","2,402","2,419","2,559","2,631","2,739","2,892","2,980","3,075","3,135","3,243","3,142","3,203","3,313","3,427","3,578","3,672","3,726","4,098","4,266","4,419","4,662","4,725","5,341","5,575","5,793"
West Midlands ,E06000051,Shropshire,"3,341","3,390","3,488","3,640","3,872","4,089","4,293","4,461","4,605","4,718","5,022","4,803","4,897","5,019","5,122","5,333","5,546","5,625","5,834","5,987","6,284","6,351","6,129","7,001","7,419","7,987"
West Midlands ,E06000021,Stoke-on-Trent,"2,792","2,798","2,851","2,935","3,080","3,250","3,495","3,673","3,828","3,960","4,224","4,175","4,219","4,367","4,496","4,653","4,718","4,847","4,878","5,246","5,620","5,806","5,742","6,387","6,349","7,020"
West Midlands ,E07000192,Cannock Chase,"1,083","1,092","1,128","1,193","1,262","1,317","1,368","1,456","1,483","1,519","1,567","1,452","1,493","1,535","1,581","1,638","1,716","1,824","1,856","2,075","2,173","2,154","1,979","2,207","2,276","2,526"
West Midlands ,E07000193,East Staffordshire,"2,207","2,224","2,285","2,316","2,467","2,597","2,835","2,966","3,018","3,026","3,157","2,868","3,086","3,245","3,286","3,351","3,367","3,502","3,532","3,408","3,522","3,704","3,350","3,915","4,096","4,422"
West Midlands ,E07000194,Lichfield,"1,149","1,183","1,209","1,267","1,359","1,445","1,531","1,583","1,639","1,675","1,771","1,672","1,721","1,739","1,846","1,918","2,037","2,246","2,323","2,416","2,328","2,446","2,371","2,747","2,900","3,114"
West Midlands ,E07000195,Newcastle-under-Lyme,"1,203","1,224","1,237","1,296","1,361","1,434","1,536","1,620","1,650","1,696","1,789","1,724","1,771","1,829","1,805","1,852","1,917","1,985","2,058","2,115","2,193","2,280","2,124","2,452","2,522","2,765"
West Midlands ,E07000196,South Staffordshire,962,976,998,"1,032","1,099","1,137","1,179","1,206","1,247","1,264","1,320","1,251","1,296","1,335","1,326","1,364","1,405","1,490","1,569","1,713","1,783","1,923","1,950","2,202","2,141","2,321"
West Midlands ,E07000197,Stafford,"1,659","1,643","1,699","1,776","1,870","1,977","2,034","2,095","2,193","2,279","2,414","2,381","2,479","2,518","2,563","2,669","2,790","2,859","3,029","3,156","3,204","3,277","3,143","3,554","3,572","3,812"
West Midlands ,E07000198,Staffordshire Moorlands,860,872,862,878,925,988,"1,047","1,073","1,117","1,152","1,203","1,103","1,167","1,209","1,224","1,358","1,400","1,346","1,339","1,449","1,544","1,540","1,437","1,696","1,729","1,882"
West Midlands ,E07000199,Tamworth,783,803,820,866,905,953,"1,012","1,059","1,080","1,111","1,147","1,075","1,104","1,129","1,083","1,093","1,158","1,280","1,343","1,502","1,646","1,668","1,592","1,953","1,978","1,994"
West Midlands ,E08000025,Birmingham,"13,640","14,052","14,449","15,293","15,911","16,834","17,769","18,714","19,185","20,129","20,507","20,326","20,952","21,332","21,812","22,982","23,927","24,736","26,003","26,693","27,784","28,374","26,806","29,031","31,839","35,427"
West Midlands ,E08000029,Solihull,"4,194","4,243","4,478","4,697","4,751","4,919","5,028","5,251","5,345","5,523","5,529","5,183","5,611","5,768","6,061","6,368","6,708","7,381","8,372","9,154","9,415","9,680","8,416","8,736","9,833","10,722"
West Midlands ,E08000026,Coventry,"4,947","5,056","5,192","5,439","5,523","5,769","6,033","6,395","6,469","6,812","7,076","7,067","7,438","7,581","7,736","7,957","8,586","9,128","10,016","9,861","10,003","10,191","9,453","10,120","10,807","11,804"
West Midlands ,E08000027,Dudley,"3,241","3,341","3,394","3,557","3,665","3,726","3,862","3,995","4,104","4,269","4,293","4,033","4,175","4,265","4,447","4,568","4,681","4,719","4,907","5,113","5,171","5,296","4,916","5,417","5,867","6,154"
West Midlands ,E08000028,Sandwell,"3,676","3,713","3,744","3,833","3,992","4,160","4,274","4,426","4,613","4,649","4,724","4,625","4,685","4,647","4,819","5,024","5,475","5,672","5,950","6,250","6,467","6,415","6,244","6,378","6,720","7,306"
West Midlands ,E08000030,Walsall,"2,635","2,693","2,729","2,806","2,884","3,004","3,143","3,283","3,337","3,449","3,509","3,309","3,466","3,665","3,816","4,080","4,359","4,444","4,672","4,739","4,721","4,686","4,291","4,784","5,073","5,506"
West Midlands ,E08000031,Wolverhampton,"3,011","3,125","3,215","3,374","3,509","3,626","3,731","3,918","4,034","4,164","4,255","4,035","4,117","4,269","4,235","4,295","4,377","4,219","4,535","4,867","5,138","5,273","4,925","5,489","5,977","6,440"
East ,E06000032,Luton,"2,828","2,934","3,196","3,362","3,450","3,610","3,642","3,789","3,911","4,134","4,363","4,071","4,103","4,096","4,250","4,704","5,229","5,446","5,532","5,830","5,904","6,141","5,258","5,534","6,150","6,639"
East ,E06000055,Bedford,"2,051","2,155","2,255","2,363","2,461","2,592","2,664","2,875","2,966","3,069","3,232","3,128","3,085","3,051","3,131","3,230","3,439","3,560","3,683","3,978","4,019","4,238","3,891","4,317","4,807","5,151"
East ,E06000056,Central Bedfordshire,"2,890","3,009","3,199","3,313","3,470","3,603","3,643","3,845","3,903","4,049","4,241","4,065","4,134","4,215","4,367","4,688","4,963","5,138","5,516","5,999","6,070","6,015","5,459","5,955","6,592","7,358"
East ,E07000095,Broxbourne,"1,355","1,460","1,531","1,592","1,626","1,736","1,746","1,892","1,998","2,121","2,363","2,247","2,149","2,128","2,241","2,334","2,454","2,403","2,196","2,265","2,300","2,287","2,135","2,306","2,378","2,554"
East ,E07000099,North Hertfordshire,"1,729","1,821","1,955","2,018","2,069","2,195","2,230","2,390","2,423","2,478","2,587","2,530","2,581","2,615","2,689","2,886","3,090","3,124","3,194","3,374","3,527","3,628","3,695","4,095","4,234","4,826"
East ,E07000241,Welwyn Hatfield,"2,340","2,532","2,632","2,761","2,893","3,056","3,170","3,458","3,495","3,606","3,718","3,483","3,384","3,201","3,225","3,495","3,728","3,779","3,865","4,324","4,673","5,540","5,582","6,026","6,057","6,544"
East ,E07000242,East Hertfordshire,"2,008","2,225","2,350","2,448","2,504","2,640","2,681","2,966","3,221","3,423","3,902","3,684","3,440","3,301","3,046","3,071","3,271","3,312","3,817","3,843","3,873","4,095","3,926","4,342","4,530","5,391"
East ,E07000243,Stevenage,"1,489","1,598","1,662","1,707","1,759","1,884","2,009","2,214","2,253","2,309","2,392","2,212","2,176","2,130","2,264","2,405","2,463","2,510","2,508","2,689","2,622","2,657","2,401","2,602","2,836","3,124"
East ,E07000096,Dacorum,"2,135","2,231","2,357","2,471","2,580","2,722","2,834","2,996","3,068","3,223","3,377","3,225","3,220","3,299","3,326","3,425","3,558","3,687","3,828","4,273","4,402","4,634","4,715","5,187","5,667","6,377"
East ,E07000098,Hertsmere,"1,890","1,983","2,033","2,147","2,151","2,283","2,393","2,601","2,628","2,770","2,933","2,963","2,864","2,860","2,977","3,192","3,393","3,477","3,792","4,169","4,213","4,289","4,138","4,885","5,071","5,220"
East ,E07000102,Three Rivers,"1,758","1,851","1,903","2,038","2,106","2,289","2,383","2,443","2,417","2,556","2,639","2,538","2,577","2,687","2,640","2,993","3,376","3,510","3,668","4,132","4,422","4,645","4,297","4,434","4,615","5,245"
East ,E07000103,Watford,"1,906","1,992","2,111","2,237","2,350","2,526","2,695","2,835","2,945","3,128","3,260","3,215","3,153","3,200","3,395","3,725","4,041","4,490","4,833","5,351","5,256","5,145","4,545","4,882","5,045","5,279"
East ,E07000240,St Albans,"1,934","2,007","2,170","2,243","2,351","2,437","2,582","2,750","2,799","2,927","3,048","2,876","2,937","2,948","2,980","3,123","3,321","3,817","3,979","4,179","4,277","4,454","4,251","4,552","5,014","5,179"
East ,E06000033,Southend-on-Sea,"1,525","1,578","1,648","1,762","1,843","1,994","2,089","2,157","2,292","2,378","2,465","2,472","2,491","2,492","2,577","2,601","2,693","2,713","2,822","3,041","3,152","3,079","2,728","3,073","3,163","3,421"
East ,E06000034,Thurrock,"2,098","2,067","2,093","2,242","2,269","2,594","2,682","2,841","2,941","3,053","3,102","3,060","3,129","2,977","3,094","3,009","3,240","3,485","3,560","4,030","4,246","4,357","4,122","4,676","5,490","6,041"
East ,E07000067,Braintree,"1,606","1,600","1,705","1,812","1,830","2,011","2,054","2,106","2,180","2,238","2,289","2,206","2,283","2,262","2,305","2,390","2,650","2,888","3,348","3,835","3,746","3,522","3,199","3,721","4,020","4,270"
East ,E07000071,Colchester,"1,984","2,013","2,146","2,323","2,391","2,600","2,660","2,782","2,894","3,017","3,118","3,116","3,244","3,314","3,491","3,522","3,665","3,899","4,030","4,308","4,535","4,748","4,284","4,748","5,184","5,874"
East ,E07000076,Tendring,"1,027","1,042","1,068","1,132","1,150","1,258","1,311","1,342","1,373","1,413","1,500","1,407","1,456","1,460","1,467","1,501","1,537","1,614","1,689","1,831","1,874","1,960","1,852","2,070","2,248","2,509"
East ,E07000072,Epping Forest,"1,634","1,711","1,793","1,949","2,075","2,263","2,313","2,372","2,514","2,636","2,691","2,665","2,774","2,750","2,749","2,738","2,875","3,206","3,525","3,848","3,983","4,007","3,545","3,979","4,266","4,433"
East ,E07000073,Harlow,"1,435","1,445","1,505","1,593","1,664","1,852","1,933","1,993","2,070","2,129","2,142","1,937","2,028","1,910","1,853","1,920","1,928","2,006","2,092","2,260","2,332","2,171","1,972","2,293","2,455","2,688"
East ,E07000077,Uttlesford,"1,088","1,153","1,230","1,295","1,348","1,467","1,485","1,534","1,571","1,625","1,693","1,651","1,722","1,721","1,788","1,943","1,979","2,064","2,133","2,253","2,329","2,453","2,164","2,510","2,843","3,254"
East ,E07000068,Brentwood,"1,288","1,303","1,411","1,548","1,593","1,724","1,730","1,810","1,895","1,998","2,040","1,991","2,038","2,034","1,931","2,011","2,437","2,832","2,914","3,165","3,303","3,373","2,800","3,051","3,368","3,470"
East ,E07000070,Chelmsford,"2,587","2,594","2,733","2,964","3,037","3,308","3,381","3,469","3,616","3,748","3,769","3,803","3,840","3,852","4,131","4,187","4,424","4,373","4,465","4,722","4,954","5,215","5,046","5,701","6,300","6,779"
East ,E07000074,Maldon,596,605,644,680,696,754,763,771,803,817,862,819,857,864,877,916,942,954,995,"1,089","1,093","1,133","1,075","1,180","1,299","1,369"
East ,E07000066,Basildon,"2,869","2,868","3,111","3,288","3,377","3,671","3,691","3,833","3,976","4,118","4,377","4,067","4,342","4,361","4,601","4,908","5,102","5,013","5,276","5,501","5,734","6,075","5,858","6,406","7,176","7,194"
East ,E07000069,Castle Point,523,536,564,602,618,673,673,697,717,751,779,751,768,775,793,812,858,893,902,963,993,"1,023",977,"1,085","1,221","1,282"
East ,E07000075,Rochford,658,677,712,743,744,799,800,826,854,869,905,862,867,873,938,992,"1,027","1,089","1,150","1,196","1,232","1,298","1,291","1,415","1,651","2,214"
East ,E06000031,Peterborough,"3,236","3,380","3,403","3,573","3,659","3,799","4,076","4,538","5,039","5,115","5,036","4,651","4,760","4,902","5,055","5,050","5,440","5,317","5,701","6,310","6,784","6,445","6,346","6,827","7,098","7,957"
East ,E07000008,Cambridge,"2,465","2,611","2,762","2,972","3,083","3,266","3,444","3,713","4,038","4,241","4,418","4,526","4,625","4,735","4,966","5,221","5,341","5,633","5,795","6,152","6,235","6,722","6,900","7,155","7,885","8,900"
East ,E07000009,East Cambridgeshire,980,996,"1,036","1,086","1,188","1,220","1,204","1,216","1,277","1,310","1,402","1,400","1,402","1,448","1,476","1,531","1,611","1,666","1,729","1,812","1,850","2,019","2,066","2,068","2,095","2,345"
East ,E07000010,Fenland,948,970,"1,033","1,082","1,153","1,201","1,218","1,246","1,296","1,339","1,396","1,411","1,453","1,499","1,545","1,629","1,672","1,672","1,679","1,750","1,732","1,794","1,767","1,926","2,044","2,267"
East ,E07000011,Huntingdonshire,"2,091","2,201","2,314","2,429","2,535","2,661","2,737","2,864","3,073","3,188","3,302","3,281","3,425","3,480","3,547","3,609","3,822","3,934","4,173","4,320","4,389","4,739","4,571","4,807","5,014","5,548"
East ,E07000012,South Cambridgeshire,"2,339","2,447","2,561","2,678","2,845","2,975","3,123","3,234","3,469","3,631","3,772","3,693","3,867","3,914","4,232","4,237","4,341","4,606","4,791","5,086","5,220","5,447","5,592","5,926","6,560","7,068"
East ,E07000144,Broadland,"1,225","1,219","1,296","1,358","1,463","1,567","1,594","1,634","1,796","1,913","2,112","2,325","2,308","2,231","2,337","2,509","2,498","2,643","2,873","3,299","3,116","3,967","3,644","4,144","4,418","4,961"
East ,E07000145,Great Yarmouth,939,961,"1,016","1,061","1,116","1,181","1,246","1,279","1,391","1,432","1,526","1,529","1,551","1,588","1,764","1,785","1,841","1,809","1,658","1,667","1,615","1,737","1,642","1,801","2,128","2,370"
East ,E07000148,Norwich,"1,846","1,946","2,074","2,195","2,275","2,396","2,534","2,750","2,995","3,066","3,086","3,084","3,106","3,180","3,322","3,551","3,704","3,751","3,793","4,025","3,996","4,221","3,969","4,079","4,378","4,808"
East ,E07000146,King's Lynn and West Norfolk,"1,711","1,761","1,846","1,889","1,975","2,085","2,091","2,170","2,252","2,319","2,436","2,456","2,470","2,536","2,659","2,758","2,818","2,840","2,933","2,954","2,990","3,105","3,025","3,123","3,350","3,622"
East ,E07000147,North Norfolk,869,890,941,979,"1,039","1,080","1,098","1,131","1,186","1,223","1,295","1,264","1,268","1,289","1,317","1,332","1,416","1,433","1,465","1,509","1,516","1,536","1,515","1,652","1,724","1,883"
East ,E07000143,Breckland,"1,138","1,189","1,271","1,352","1,419","1,475","1,508","1,566","1,698","1,745","1,828","1,843","1,861","1,918","1,931","2,012","2,117","2,191","2,274","2,322","2,321","2,480","2,512","2,693","2,871","3,188"
East ,E07000149,South Norfolk,"1,267","1,349","1,454","1,512","1,592","1,700","1,774","1,851","1,969","2,020","2,059","2,031","2,085","2,140","2,269","2,342","2,433","2,435","2,491","2,564","2,584","2,773","2,817","3,040","3,326","3,729"
East ,E07000200,Babergh,977,"1,017","1,071","1,121","1,165","1,202","1,220","1,240","1,312","1,349","1,383","1,349","1,420","1,442","1,466","1,504","1,582","1,598","1,627","1,652","1,641","1,748","1,725","1,874","1,999","2,167"
East ,E07000203,Mid Suffolk,"1,047","1,093","1,170","1,204","1,277","1,325","1,357","1,380","1,445","1,497","1,576","1,550","1,574","1,612","1,675","1,712","1,792","1,852","1,909","2,024","2,142","2,259","2,201","2,322","2,515","2,819"
East ,E07000202,Ipswich,"2,032","2,131","2,197","2,279","2,341","2,493","2,686","2,975","3,269","3,287","3,260","3,168","3,081","3,101","3,234","3,450","3,659","3,789","4,048","4,105","4,146","4,304","4,169","4,138","4,561","5,423"
East ,E07000244,East Suffolk,"2,704","2,822","2,993","3,078","3,236","3,427","3,533","3,724","3,888","3,991","4,068","3,930","4,003","4,141","4,299","4,459","4,556","4,569","4,630","4,873","4,966","5,356","5,089","5,500","6,106","6,438"
East ,E07000245,West Suffolk,"2,506","2,622","2,790","2,940","3,076","3,180","3,280","3,435","3,709","3,822","4,024","4,024","4,097","4,209","4,383","4,599","4,707","4,948","5,230","5,430","5,497","5,736","5,228","5,521","5,856","6,132"
London,E09000013,Hammersmith and Fulham,"3,597","3,898","4,189","4,438","4,610","4,884","5,123","5,432","5,449","5,971","6,409","6,277","6,416","6,765","7,394","7,942","8,692","9,201","9,469","10,123","10,854","11,639","11,128","11,338","11,775","13,707"
London,E09000020,Kensington and Chelsea,"3,814","4,060","4,370","4,582","4,724","4,868","5,161","5,473","5,714","6,356","6,830","6,388","6,540","6,992","8,090","8,909","9,564","9,647","9,672","9,693","10,463","9,897","8,533","9,017","11,022","11,570"
London,E09000032,Wandsworth,"2,997","3,275","3,508","3,748","3,918","4,066","4,232","4,568","4,781","5,215","5,386","5,148","5,197","5,446","5,980","6,289","6,790","7,202","7,397","7,281","7,426","7,402","6,638","6,951","7,734","8,693"
London,E09000001,City of London,"24,000","24,102","26,672","26,909","28,321","30,775","33,011","37,520","41,933","46,355","45,518","48,495","51,925","53,232","53,294","56,690","60,011","60,485","65,295","69,397","73,535","78,042","81,379","90,263","97,526","109,211"
London,E09000033,Westminster,"25,955","27,354","29,721","31,104","32,333","34,012","35,362","38,673","40,014","44,266","46,524","45,701","47,660","49,246","52,186","54,642","58,756","58,856","65,592","68,426","71,401","74,806","69,737","77,253","88,452","94,809"
London,E09000007,Camden,"10,267","10,938","11,891","12,460","12,867","13,737","14,783","15,977","16,507","18,083","18,771","18,683","19,110","19,954","20,732","22,346","24,640","28,572","32,148","33,564","34,697","34,900","29,340","32,781","37,779","40,213"
London,E09000012,Hackney,"2,476","2,647","2,862","3,022","3,144","3,344","3,502","3,802","3,967","4,297","4,479","4,434","4,627","4,928","5,075","5,325","5,880","6,160","6,539","7,092","7,974","9,141","9,123","10,092","11,758","13,386"
London,E09000025,Newham,"2,700","2,800","2,993","3,141","3,265","3,425","3,536","3,766","3,877","4,137","4,402","4,276","4,419","4,621","4,977","5,138","5,384","5,688","5,900","6,234","6,389","6,670","6,102","6,829","7,790","8,506"
London,E09000030,Tower Hamlets,"12,314","12,623","13,977","14,290","14,974","15,993","17,181","19,281","21,216","23,504","24,481","25,685","26,744","28,951","28,411","29,873","31,662","32,062","34,183","37,030","36,167","35,760","34,662","35,240","39,453","44,834"
London,E09000014,Haringey,"1,823","1,955","2,062","2,195","2,271","2,352","2,475","2,651","2,705","2,933","2,979","2,873","3,006","3,100","3,279","3,319","3,616","3,798","3,730","3,917","4,030","4,024","3,513","3,917","4,614","4,803"
London,E09000019,Islington,"7,353","7,732","8,566","8,816","9,143","9,667","10,186","10,898","11,406","12,605","13,382","13,329","13,836","14,529","14,963","16,207","17,358","18,244","18,676","18,878","19,861","20,295","18,693","20,304","24,774","26,337"
London,E09000023,Lewisham,"1,671","1,767","1,885","2,052","2,130","2,281","2,391","2,588","2,728","2,930","3,032","2,885","2,961","3,109","3,285","3,353","3,563","3,673","3,652","3,669","3,686","3,715","3,408","3,571","3,927","4,154"
London,E09000028,Southwark,"6,682","7,096","7,832","8,156","8,448","8,878","9,370","10,216","10,624","11,804","12,500","12,631","13,342","14,673","15,423","15,979","15,753","17,014","18,120","18,526","20,187","21,404","19,520","20,321","23,054","26,220"
London,E09000022,Lambeth,"4,699","5,043","5,534","5,921","6,011","6,364","6,742","7,385","7,531","8,435","8,995","8,811","9,498","10,096","10,305","9,787","11,107","11,546","12,194","12,476","12,835","12,743","11,160","12,635","14,958","15,388"
London,E09000004,Bexley,"3,070","3,238","3,371","3,515","3,648","3,840","3,939","4,177","4,403","4,633","4,759","4,529","4,614","4,643","5,025","5,565","5,671","5,904","6,291","6,090","6,116","6,328","5,615","5,855","6,247","6,695"
London,E09000011,Greenwich,"2,576","2,732","2,831","2,925","3,066","3,252","3,429","3,658","3,888","4,041","4,192","3,926","4,148","4,264","4,348","4,481","4,675","4,820","5,054","5,300","5,496","5,822","4,888","5,291","6,075","6,342"
London,E09000002,Barking and Dagenham,"2,342","2,296","2,276","2,266","2,244","2,312","2,422","2,446","2,691","2,830","2,923","2,721","3,004","3,058","3,227","3,524","3,562","3,486","3,373","3,333","3,405","3,477","2,863","3,311","3,774","4,107"
London,E09000016,Havering,"2,927","3,094","3,221","3,354","3,469","3,680","3,814","4,046","4,258","4,478","4,458","4,140","4,232","4,193","4,521","4,641","4,910","5,030","5,296","5,401","5,643","5,808","5,259","5,936","6,873","7,258"
London,E09000026,Redbridge,"2,553","2,711","2,836","2,933","3,075","3,266","3,444","3,627","3,850","4,004","4,034","3,728","3,794","3,832","4,142","4,221","4,327","4,596","4,762","4,847","4,951","4,881","4,238","4,740","5,421","5,915"
London,E09000031,Waltham Forest,"2,045","2,160","2,244","2,357","2,480","2,633","2,764","2,935","3,118","3,280","3,253","2,992","3,068","3,119","3,389","3,492","3,680","3,874","3,989","4,047","4,161","4,331","3,698","4,043","4,716","5,151"
London,E09000010,Enfield,"3,686","3,903","4,079","4,261","4,436","4,759","4,949","5,188","5,484","5,805","5,931","5,453","5,696","5,735","5,963","6,155","6,434","6,820","7,031","7,035","7,508","7,795","6,902","7,469","8,094","8,499"
London,E09000006,Bromley,"4,415","4,680","4,752","4,911","5,175","5,514","5,762","6,050","6,487","6,749","6,749","6,320","6,408","6,426","6,813","7,033","7,098","7,213","7,524","7,756","7,851","7,668","6,867","6,969","7,734","8,287"
London,E09000008,Croydon,"4,982","5,227","5,496","5,709","5,889","6,263","6,542","6,953","7,210","7,712","7,689","7,364","7,263","7,172","7,427","7,493","8,201","8,249","8,407","8,602","9,297","9,947","9,265","9,770","10,866","11,757"
London,E09000021,Kingston upon Thames,"2,628","2,790","2,944","3,040","3,144","3,322","3,501","3,671","3,862","4,125","4,208","3,984","3,983","4,015","4,140","4,126","4,452","4,518","5,033","5,012","5,108","5,189","4,508","4,332","4,885","5,385"
London,E09000024,Merton,"3,113","3,316","3,461","3,555","3,597","3,740","3,864","4,079","4,254","4,504","4,549","4,202","4,300","4,353","4,607","4,909","5,254","5,385","5,519","5,395","5,437","5,621","5,025","5,464","5,869","6,533"
London,E09000029,Sutton,"2,417","2,554","2,713","2,796","2,883","3,036","3,156","3,339","3,509","3,724","3,759","3,477","3,530","3,529","3,704","3,745","3,919","3,910","4,074","4,135","4,091","4,195","3,814","4,084","4,621","5,161"
London,E09000003,Barnet,"4,149","4,455","4,637","4,809","5,015","5,309","5,506","5,776","6,164","6,460","6,485","6,182","6,270","6,374","6,929","7,169","7,654","7,932","8,261","8,236","8,545","8,743","8,312","8,807","10,097","10,639"
London,E09000005,Brent,"4,042","4,375","4,603","4,759","4,920","5,084","5,187","5,498","5,841","6,081","6,139","5,782","5,889","5,992","6,503","6,899","7,519","7,964","8,281","8,346","8,391","8,853","8,063","8,300","9,295","10,087"
London,E09000009,Ealing,"4,741","5,044","5,271","5,460","5,612","5,893","6,070","6,328","6,678","7,021","7,099","6,640","6,754","6,918","7,467","7,992","8,593","8,985","9,374","9,089","9,233","9,211","8,754","8,728","9,515","9,795"
London,E09000015,Harrow,"2,623","2,785","2,870","2,971","3,114","3,334","3,462","3,602","3,782","4,013","4,039","3,743","3,853","3,930","4,052","4,191","4,540","4,778","4,970","5,013","5,136","5,203","4,639","4,935","5,361","5,865"
London,E09000017,Hillingdon,"8,606","9,070","9,520","9,592","9,747","10,196","10,547","10,964","11,143","11,483","11,504","10,420","10,736","11,187","11,272","11,935","13,175","13,408","13,167","13,805","14,162","14,351","10,698","10,676","12,836","13,866"
London,E09000018,Hounslow,"6,282","6,737","7,278","7,594","7,859","8,088","8,247","8,731","9,835","10,643","11,443","11,179","11,531","11,753","12,771","13,604","14,738","15,478","16,350","16,418","16,170","16,845","12,859","12,509","15,391","16,274"
London,E09000027,Richmond upon Thames,"3,276","3,477","3,675","3,791","3,870","4,050","4,226","4,456","4,707","5,007","5,031","4,847","4,798","4,919","5,284","5,542","5,754","6,114","6,504","6,869","7,592","7,551","6,546","6,734","7,485","7,692"
South East ,E06000042,Milton Keynes,"5,154","5,345","5,697","6,077","6,537","7,108","7,089","7,465","7,852","8,278","8,577","8,267","8,672","9,009","9,242","9,793","10,909","12,189","11,987","13,012","13,511","13,875","13,379","14,256","15,817","16,763"
South East ,E06000060,Buckinghamshire,"8,264","8,660","9,085","9,415","9,699","10,171","10,288","10,867","11,202","11,722","12,416","12,132","12,230","12,690","12,976","13,388","13,786","13,902","14,210","14,409","14,945","16,140","15,815","16,715","17,677","19,176"
South East ,E07000177,Cherwell,"2,442","2,538","2,668","2,728","2,847","2,951","2,977","3,090","3,156","3,313","3,540","3,415","3,515","3,607","3,744","3,905","4,192","4,268","4,377","4,478","4,683","5,020","5,103","5,176","5,549","6,086"
South East ,E07000178,Oxford,"2,595","2,732","2,940","3,109","3,398","3,652","3,786","3,920","4,084","4,250","4,613","4,586","4,796","4,945","5,108","5,314","5,759","5,894","5,988","6,032","6,313","6,847","7,066","7,486","8,372","8,600"
South East ,E07000179,South Oxfordshire,"2,180","2,276","2,338","2,317","2,473","2,606","2,593","2,729","2,783","2,919","3,029","2,916","3,032","3,153","3,184","3,401","3,570","3,865","3,555","3,724","3,864","4,285","4,625","4,638","4,822","5,051"
South East ,E07000180,Vale of White Horse,"2,207","2,283","2,376","2,429","2,550","2,708","2,730","2,907","2,996","3,149","3,353","3,325","3,438","3,559","3,788","3,928","3,881","4,025","3,944","4,131","4,329","4,394","4,802","4,832","5,554","5,893"
South East ,E07000181,West Oxfordshire,"1,469","1,489","1,556","1,601","1,709","1,764","1,759","1,830","1,898","2,002","2,167","2,080","2,136","2,223","2,305","2,385","2,499","2,545","2,624","2,694","2,855","3,046","3,030","3,068","3,372","3,699"
South East ,E06000036,Bracknell Forest,"2,685","2,829","2,934","3,061","3,251","3,491","3,457","3,611","3,736","3,964","4,146","4,042","4,201","4,375","4,546","4,596","4,702","5,061","4,862","5,128","5,237","5,282","4,915","5,158","5,223","5,525"
South East ,E06000039,Slough,"4,461","4,812","5,216","5,315","5,552","5,901","6,032","6,298","6,508","6,759","7,022","6,949","7,020","7,373","7,345","7,566","7,847","7,715","7,886","7,842","8,177","8,683","9,286","9,547","9,922","10,832"
South East ,E06000040,Windsor and Maidenhead,"3,370","3,565","3,726","3,840","3,997","4,315","4,354","4,616","4,734","4,974","5,207","5,157","5,251","5,496","5,740","6,153","6,163","6,493","6,986","7,676","7,746","7,637","7,415","7,712","7,933","8,126"
South East ,E06000037,West Berkshire,"3,655","3,954","4,196","4,223","4,359","4,557","4,730","5,058","5,299","5,504","5,718","5,605","5,663","5,937","6,380","6,588","6,560","7,067","7,099","7,082","7,478","8,290","8,795","8,621","8,357","9,480"
South East ,E06000038,Reading,"3,618","3,947","4,293","4,289","4,362","4,662","4,961","5,325","5,520","5,753","6,046","6,160","6,130","6,366","6,739","6,890","7,368","7,370","7,722","7,682","8,494","8,619","8,311","8,905","9,757","11,008"
South East ,E06000041,Wokingham,"2,839","3,023","3,115","3,225","3,408","3,794","3,923","4,190","4,429","4,755","4,851","4,808","4,905","5,119","5,344","5,083","5,604","5,711","6,006","6,398","7,113","8,053","8,479","8,873","9,260","10,304"
South East ,E06000043,Brighton and Hove,"3,347","3,569","3,751","4,020","4,186","4,346","4,510","4,841","5,214","5,398","5,694","5,744","5,746","5,861","6,342","6,743","7,054","7,323","7,734","8,098","8,442","8,879","8,710","9,461","10,919","12,213"
South East ,E07000061,Eastbourne,915,972,"1,022","1,075","1,135","1,197","1,231","1,309","1,375","1,419","1,507","1,472","1,482","1,512","1,509","1,532","1,580","1,583","1,761","1,831","1,839","1,950","1,956","2,071","2,170","2,339"
South East ,E07000062,Hastings,747,772,794,827,881,919,962,995,"1,040","1,061","1,156","1,144","1,163","1,211","1,206","1,215","1,289","1,364","1,477","1,491","1,503","1,569","1,516","1,641","1,702","1,891"
South East ,E07000063,Lewes,899,945,998,"1,061","1,091","1,138","1,154","1,215","1,258","1,296","1,381","1,332","1,337","1,331","1,351","1,401","1,466","1,586","1,642","1,725","1,824","1,905","1,923","1,934","2,166","2,425"
South East ,E07000064,Rother,678,715,744,784,816,853,872,923,968,"1,000","1,065","1,025","1,006","1,003","1,002","1,051","1,114","1,218","1,272","1,239","1,241","1,317","1,317","1,473","1,535","1,666"
South East ,E07000065,Wealden,"1,371","1,453","1,512","1,562","1,620","1,662","1,671","1,757","1,829","1,875","2,026","1,910","1,952","1,959","1,981","2,022","2,153","2,311","2,385","2,455","2,527","2,601","2,507","2,766","2,971","3,255"
South East ,E07000207,Elmbridge,"2,466","2,636","2,811","2,906","2,909","2,991","3,060","3,168","3,382","3,476","3,626","3,484","3,554","3,711","3,805","3,967","4,784","5,437","5,700","6,002","6,318","6,879","6,773","6,799","6,683","7,581"
South East ,E07000209,Guildford,"2,653","2,822","2,986","3,059","3,156","3,254","3,334","3,498","3,701","3,833","4,083","4,071","4,220","4,205","4,339","4,495","4,513","4,890","4,898","4,883","5,160","5,567","5,523","5,992","6,323","6,688"
South East ,E07000212,Runnymede,"2,366","2,553","2,664","2,812","2,963","3,106","3,153","3,235","3,476","3,683","4,034","4,147","4,184","4,186","4,614","4,951","5,322","5,290","5,607","6,094","6,137","6,508","6,999","6,293","7,285","7,511"
South East ,E07000213,Spelthorne,"1,597","1,744","1,885","1,933","1,950","2,020","2,066","2,237","2,342","2,386","2,507","2,418","2,458","2,505","2,559","2,645","2,733","2,867","2,880","2,922","3,052","3,299","3,437","3,589","4,115","4,248"
South East ,E07000214,Surrey Heath,"1,792","1,868","1,950","2,005","2,044","2,138","2,188","2,263","2,431","2,537","2,594","2,550","2,803","2,810","2,971","3,109","2,909","3,179","3,114","3,124","3,513","3,933","4,035","3,740","3,873","3,988"
South East ,E07000216,Waverley,"1,790","1,893","2,020","2,107","2,174","2,274","2,322","2,451","2,620","2,681","2,838","2,772","2,809","2,866","2,812","2,902","3,020","3,248","3,159","3,195","3,172","3,316","3,351","3,613","3,842","4,037"
South East ,E07000217,Woking,"1,742","1,882","2,023","2,096","2,164","2,238","2,275","2,411","2,589","2,647","2,785","2,717","2,758","2,815","2,800","2,970","3,256","3,061","3,073","3,089","3,198","3,114","2,967","3,054","3,116","3,297"
South East ,E07000208,Epsom and Ewell,925,976,"1,028","1,073","1,130","1,165","1,197","1,237","1,329","1,367","1,448","1,423","1,458","1,458","1,536","1,486","1,551","1,636","1,675","1,663","1,642","1,724","1,693","1,732","1,880","2,106"
South East ,E07000210,Mole Valley,"1,975","2,104","2,229","2,344","2,409","2,467","2,614","2,803","3,040","3,145","3,281","3,236","3,282","3,337","3,965","4,441","4,434","3,904","4,005","3,992","4,121","4,259","3,998","3,998","4,629","5,427"
South East ,E07000211,Reigate and Banstead,"4,115","4,290","4,378","4,603","4,698","4,773","5,137","5,453","6,150","6,403","6,455","6,728","6,806","6,634","6,787","6,951","6,894","6,885","6,486","6,792","5,935","5,967","5,492","6,041","6,838","7,329"
South East ,E07000215,Tandridge,993,"1,069","1,112","1,147","1,203","1,246","1,259","1,316","1,395","1,452","1,539","1,454","1,506","1,515","1,427","1,499","1,648","1,770","1,786","1,715","1,755","1,844","1,761","1,923","2,116","2,408"
South East ,E07000223,Adur,628,656,685,716,730,749,760,804,855,887,922,883,903,892,940,893,931,"1,013","1,031","1,064","1,089","1,109","1,100","1,129","1,256","1,353"
South East ,E07000224,Arun,"1,172","1,229","1,266","1,336","1,390","1,456","1,471","1,516","1,566","1,618","1,727","1,643","1,692","1,713","1,791","1,896","1,973","2,019","2,135","2,192","2,330","2,371","2,250","2,511","2,767","3,114"
South East ,E07000225,Chichester,"1,663","1,723","1,828","1,868","1,931","2,021","2,055","2,146","2,242","2,273","2,471","2,443","2,483","2,557","2,680","2,803","2,859","3,072","3,146","3,320","3,394","3,561","3,343","3,524","3,784","4,155"
South East ,E07000229,Worthing,"1,485","1,781","1,851","1,849","2,110","2,268","2,261","2,229","2,348","2,495","2,647","2,486","2,619","2,644","2,814","2,877","2,816","2,968","3,253","3,692","3,906","4,127","4,193","4,365","4,457","4,823"
South East ,E07000226,Crawley,"3,152","3,258","3,282","3,287","3,423","3,494","3,472","3,469","3,715","3,810","4,136","4,027","4,200","4,231","4,481","4,741","4,879","5,272","5,475","5,822","5,890","6,022","4,733","5,039","5,523","5,863"
South East ,E07000227,Horsham,"1,723","1,874","1,947","2,002","2,121","2,196","2,214","2,330","2,428","2,533","2,738","2,616","2,690","2,752","2,814","2,638","2,759","2,831","2,996","3,038","3,385","3,447","3,393","3,534","3,722","4,361"
South East ,E07000228,Mid Sussex,"1,663","1,744","1,841","1,910","1,964","2,048","2,098","2,199","2,317","2,422","2,577","2,518","2,580","2,617","2,709","2,741","2,833","3,038","3,101","3,192","3,289","3,530","3,451","3,568","3,897","4,292"
South East ,E06000044,Portsmouth,"2,828","2,910","3,040","3,193","3,389","3,549","3,803","4,035","4,183","4,474","4,768","4,741","4,836","4,941","5,231","5,374","5,562","5,547","5,512","5,833","5,927","6,431","6,359","6,535","6,962","7,851"
South East ,E06000045,Southampton,"3,346","3,417","3,526","3,707","4,010","4,264","4,719","5,001","5,111","5,408","5,739","5,941","6,107","6,564","6,630","6,771","6,975","7,465","7,529","8,277","8,553","8,845","8,461","8,738","9,025","9,983"
South East ,E06000046,Isle of Wight,"1,194","1,238","1,297","1,343","1,447","1,519","1,619","1,676","1,768","1,811","1,922","1,856","1,891","1,963","2,062","2,202","2,319","2,367","2,324","2,423","2,452","2,639","2,544","2,697","2,995","3,246"
South East ,E07000086,Eastleigh,"2,002","2,023","2,153","2,331","2,431","2,544","2,635","2,746","2,858","2,968","3,071","2,966","3,092","3,168","3,235","3,293","3,591","3,736","3,872","4,170","4,063","4,340","4,067","4,406","4,747","5,214"
South East ,E07000087,Fareham,"1,537","1,549","1,626","1,686","1,717","1,764","1,841","1,946","2,001","2,084","2,206","2,105","2,196","2,289","2,420","2,500","2,668","2,660","2,802","2,910","2,890","3,043","2,961","3,157","3,496","3,688"
South East ,E07000088,Gosport,588,597,621,642,667,708,739,769,793,821,874,867,877,884,893,924,988,992,"1,014","1,059","1,065","1,085","1,082","1,150","1,192","1,359"
South East ,E07000090,Havant,"1,483","1,477","1,555","1,579","1,689","1,663","1,761","1,859","1,945","2,086","2,238","2,239","2,428","2,501","2,687","2,813","2,813","2,812","2,808","2,716","2,559","2,578","2,529","2,440","2,646","2,848"
South East ,E07000085,East Hampshire,"1,495","1,563","1,623","1,674","1,736","1,774","1,804","1,911","1,970","2,030","2,131","2,087","2,146","2,226","2,279","2,239","2,281","2,356","2,292","2,391","2,485","2,701","2,597","2,685","2,897","3,015"
South East ,E07000091,New Forest,"2,466","2,442","2,564","2,728","2,771","2,957","3,118","3,183","3,214","3,337","3,431","3,378","3,530","3,575","3,584","3,800","3,797","3,965","4,074","4,182","4,399","4,691","4,462","4,699","5,331","5,668"
South East ,E07000093,Test Valley,"1,818","1,825","1,928","2,008","2,049","2,105","2,167","2,271","2,348","2,428","2,537","2,432","2,535","2,616","2,703","2,757","2,910","3,062","3,184","3,187","3,282","3,502","3,400","3,638","3,934","4,280"
South East ,E07000094,Winchester,"2,232","2,320","2,456","2,573","2,661","2,746","2,926","3,125","3,238","3,483","3,651","3,633","3,757","3,863","4,091","4,248","4,595","4,901","5,033","5,376","5,327","5,532","5,027","5,525","5,749","6,185"
South East ,E07000084,Basingstoke and Deane,"3,859","3,941","4,187","4,366","4,624","4,747","4,969","5,227","5,313","5,567","5,813","6,001","6,152","6,287","6,483","6,811","6,765","6,465","6,411","6,458","6,688","7,165","6,802","7,105","7,673","7,880"
South East ,E07000089,Hart,"1,589","1,645","1,833","1,999","2,159","2,194","2,289","2,390","2,467","2,675","2,768","2,607","2,743","2,819","2,811","3,090","3,156","3,454","3,628","2,948","3,067","3,309","3,054","3,158","3,384","3,611"
South East ,E07000092,Rushmoor,"1,502","1,522","1,623","1,793","1,911","2,003","2,139","2,250","2,333","2,520","2,675","2,666","2,803","2,884","2,948","2,998","3,052","3,224","3,568","4,702","5,320","6,156","6,361","6,784","6,810","7,794"
South East ,E06000035,Medway,"2,589","2,657","2,692","2,823","2,979","3,175","3,348","3,578","3,746","3,899","4,154","4,047","4,166","4,270","4,472","4,622","4,725","4,852","5,053","5,346","5,490","5,889","5,977","5,966","6,760","7,657"
South East ,E07000107,Dartford,"1,720","1,794","1,836","1,895","2,042","2,184","2,264","2,416","2,489","2,591","2,786","2,652","2,676","2,774","2,907","3,027","3,285","3,583","3,891","3,752","3,810","3,885","3,606","3,803","3,916","4,343"
South East ,E07000109,Gravesham,812,827,836,877,939,975,"1,007","1,058","1,078","1,131","1,232","1,167","1,203","1,217","1,302","1,336","1,385","1,450","1,536","1,579","1,640","1,774","1,762","1,884","2,112","2,206"
South East ,E07000113,Swale,"1,636","1,676","1,692","1,781","1,893","2,014","2,053","2,043","2,028","2,110","2,248","1,981","2,089","2,162","2,149","2,223","2,343","2,446","2,588","2,613","2,800","3,144","3,183","3,441","3,348","3,633"
South East ,E07000106,Canterbury,"1,644","1,681","1,719","1,821","1,914","2,038","2,165","2,320","2,388","2,492","2,678","2,613","2,708","2,770","2,785","2,894","3,077","3,041","2,998","3,226","3,396","3,421","3,331","3,653","3,885","4,352"
South East ,E07000108,Dover,"1,377","1,513","1,718","1,743","1,657","1,743","1,929","1,904","1,788","1,783","2,002","1,797","1,875","2,033","2,001","2,018","2,107","2,280","2,282","2,312","2,412","2,484","2,381","2,523","3,070","3,277"
South East ,E07000112,Folkestone and Hythe,"1,101","1,137","1,154","1,163","1,241","1,312","1,357","1,496","1,597","1,639","1,738","1,705","1,692","1,727","1,777","1,816","1,809","1,929","2,067","2,198","2,176","2,253","2,187","2,096","2,498","2,802"
South East ,E07000114,Thanet,"1,048","1,092","1,108","1,143","1,213","1,295","1,355","1,456","1,498","1,548","1,676","1,584","1,608","1,619","1,620","1,679","1,737","1,798","1,887","2,001","2,076","2,148","2,100","2,187","2,411","2,588"
South East ,E07000105,Ashford,"1,507","1,575","1,613","1,674","1,754","1,810","1,904","2,043","2,159","2,246","2,366","2,236","2,291","2,339","2,466","2,487","2,685","2,788","2,835","2,895","3,000","3,239","3,099","3,191","3,489","3,939"
South East ,E07000110,Maidstone,"2,023","2,065","2,134","2,243","2,343","2,507","2,631","2,742","2,833","2,991","3,196","3,051","3,155","3,242","3,209","3,342","3,489","3,669","3,798","3,945","4,170","4,500","4,502","4,721","5,151","5,550"
South East ,E07000111,Sevenoaks,"1,638","1,672","1,706","1,804","1,877","1,985","2,079","2,240","2,295","2,389","2,512","2,356","2,439","2,583","2,765","2,964","3,087","3,352","3,619","3,736","4,027","4,053","3,945","4,214","4,451","5,098"
South East ,E07000115,Tonbridge and Malling,"2,112","2,224","2,286","2,370","2,481","2,585","2,672","2,838","2,969","3,140","3,330","3,253","3,368","3,398","3,457","3,601","3,637","3,685","3,841","4,090","4,404","4,906","4,888","5,053","5,211","5,406"
South East ,E07000116,Tunbridge Wells,"1,838","1,875","1,844","1,930","1,971","2,050","2,181","2,387","2,434","2,481","2,658","2,662","2,739","2,887","2,873","2,888","2,952","3,278","3,537","3,626","3,507","3,554","3,380","3,519","3,816","4,114"
South West ,E06000052,Cornwall,"4,893","5,045","5,335","5,626","6,078","6,600","6,849","7,216","7,726","7,881","8,322","7,918","8,004","8,244","8,511","8,784","9,117","9,406","9,876","10,786","11,078","11,411","10,942","12,628","13,457","14,384"
South West ,E06000053,Isles of Scilly,33,34,37,37,39,45,45,46,53,49,52,51,51,57,57,59,56,63,66,73,74,70,60,65,75,67
South West ,E06000026,Plymouth,"2,774","2,924","2,968","3,142","3,267","3,466","3,811","3,941","4,199","4,255","4,463","4,394","4,537","4,676","4,798","4,928","5,054","5,218","5,430","5,572","5,731","5,883","5,490","6,340","6,748","7,274"
South West ,E06000027,Torbay,"1,156","1,225","1,256","1,311","1,357","1,424","1,586","1,655","1,742","1,768","1,808","1,735","1,783","1,776","1,778","1,849","1,870","1,860","1,895","1,893","1,843","1,939","1,849","2,207","2,341","2,543"
South West ,E07000040,East Devon,"1,407","1,476","1,505","1,543","1,614","1,692","1,853","1,939","2,021","2,028","2,098","2,065","2,128","2,214","2,312","2,279","2,427","2,438","2,448","2,581","2,651","2,881","2,756","3,198","3,531","3,840"
South West ,E07000041,Exeter,"2,330","2,442","2,527","2,673","2,838","3,065","3,362","3,514","3,719","3,856","4,021","4,041","4,127","4,073","4,206","4,574","4,480","4,759","4,973","5,336","5,361","5,603","5,279","6,058","6,195","6,798"
South West ,E07000042,Mid Devon,713,730,744,768,805,815,867,885,930,931,969,939,984,"1,003",999,"1,048","1,120","1,170","1,189","1,258","1,335","1,362","1,261","1,466","1,673","1,778"
South West ,E07000043,North Devon,"1,045","1,140","1,173","1,211","1,283","1,357","1,440","1,498","1,615","1,641","1,699","1,672","1,762","1,796","1,826","1,864","1,911","2,036","2,121","2,161","2,218","2,290","2,108","2,493","2,821","2,952"
South West ,E07000044,South Hams,"1,093","1,135","1,167","1,231","1,289","1,378","1,473","1,531","1,607","1,618","1,669","1,591","1,668","1,744","1,728","1,756","1,869","1,901","1,924","1,949","2,029","2,042","1,923","2,278","2,444","2,647"
South West ,E07000045,Teignbridge,"1,100","1,143","1,188","1,227","1,295","1,365","1,456","1,509","1,589","1,586","1,632","1,562","1,651","1,683","1,751","1,824","2,005","2,077","2,182","2,306","2,282","2,358","2,121","2,592","2,838","3,026"
South West ,E07000046,Torridge,542,556,564,581,622,647,697,709,746,739,782,758,785,808,834,847,904,871,889,936,934,956,899,"1,052","1,224","1,310"
South West ,E07000047,West Devon,454,468,473,493,528,547,587,611,643,643,664,635,656,664,643,675,710,720,743,762,761,753,734,856,893,978
South West ,E06000023,"Bristol, City of","6,366","6,657","7,023","7,632","7,966","8,334","8,800","9,081","9,521","10,273","10,771","11,047","11,547","11,495","11,996","12,226","12,830","13,426","14,293","15,274","15,099","15,900","15,343","17,480","18,883","21,027"
South West ,E06000022,Bath and North East Somerset,"2,267","2,365","2,515","2,652","2,800","2,920","3,020","3,130","3,254","3,392","3,542","3,470","3,643","3,657","3,729","3,693","3,870","3,932","4,038","4,110","4,209","4,494","4,248","4,706","5,075","5,634"
South West ,E06000025,South Gloucestershire,"4,753","5,030","5,356","5,814","6,113","6,492","6,825","7,099","7,418","7,728","8,211","8,143","8,366","8,619","9,173","9,361","10,182","10,204","10,741","10,932","11,450","11,968","11,959","13,200","14,834","16,715"
South West ,E06000024,North Somerset,"2,200","2,292","2,387","2,515","2,623","2,741","2,870","2,953","3,037","3,157","3,263","3,137","3,248","3,273","3,394","3,579","3,793","3,903","4,125","4,140","4,281","4,467","4,352","4,846","5,155","5,719"
South West ,E06000066,Somerset,"6,138","6,486","6,822","6,927","7,190","7,497","7,907","8,371","8,783","8,901","9,340","9,140","9,241","9,488","9,701","9,727","10,423","10,665","10,837","11,600","12,069","12,354","12,069","12,780","13,871","15,512"
South West ,E06000058,"Bournemouth, Christchurch and Poole","4,897","5,177","5,434","5,630","5,762","6,150","6,468","6,907","7,251","7,538","7,936","7,852","7,877","8,016","8,142","8,578","8,879","9,107","9,651","10,421","10,406","10,861","10,419","11,404","12,339","13,545"
South West ,E06000059,Dorset,"4,170","4,459","4,764","4,766","4,892","5,032","5,218","5,518","5,724","5,841","6,294","6,026","6,189","6,256","6,464","6,577","6,909","6,968","7,107","7,429","7,981","8,232","7,910","8,679","9,537","9,981"
South West ,E06000030,Swindon,"3,950","4,106","4,266","4,674","4,921","5,309","5,559","5,919","6,370","7,041","7,507","7,482","7,572","7,427","7,501","7,759","8,435","8,760","8,894","9,105","9,794","10,155","9,303","9,878","11,888","12,707"
South West ,E06000054,Wiltshire,"5,800","6,120","6,409","6,924","7,190","7,484","7,796","8,022","8,239","8,659","9,067","8,933","9,378","9,568","9,955","10,254","10,866","10,841","11,169","11,438","11,812","12,228","11,837","13,025","14,175","15,345"
South West ,E07000078,Cheltenham,"1,614","1,690","1,809","1,954","2,026","2,112","2,229","2,295","2,358","2,462","2,603","2,592","2,797","2,760","2,698","2,762","2,983","3,030","3,144","3,260","3,356","3,556","3,509","3,863","4,063","4,514"
South West ,E07000079,Cotswold,"1,720","1,840","1,891","1,996","2,016","2,115","2,268","2,525","2,553","2,685","2,681","2,799","2,921","2,761","2,699","2,879","3,017","2,874","3,167","3,435","3,716","3,890","3,523","3,791","4,106","4,513"
South West ,E07000080,Forest of Dean,"1,104","1,106","1,152","1,226","1,211","1,251","1,209","1,240","1,304","1,390","1,441","1,361","1,409","1,479","1,607","1,539","1,647","1,622","1,442","1,536","1,688","2,121","2,190","2,135","2,067","1,920"
South West ,E07000081,Gloucester,"1,619","1,679","1,752","1,878","2,004","2,111","2,212","2,284","2,391","2,518","2,603","2,620","2,734","2,693","2,868","2,900","3,062","3,159","3,137","3,244","3,146","3,249","3,223","3,402","3,498","3,941"
South West ,E07000082,Stroud,"1,429","1,491","1,533","1,595","1,601","1,649","1,700","1,749","1,740","1,831","1,880","1,798","1,992","2,035","2,126","2,227","2,276","2,282","2,507","2,634","2,726","2,845","2,598","2,883","3,135","3,210"
South West ,E07000083,Tewkesbury,"1,497","1,526","1,581","1,674","1,756","1,834","1,912","1,949","1,992","2,062","2,122","2,096","2,189","2,268","2,377","2,602","2,687","2,867","2,730","3,106","3,012","3,161","2,925","3,387","3,758","4,072"
Wales,W06000001,Isle of Anglesey,579,585,611,632,657,722,820,830,858,865,872,810,804,852,874,883,890,946,"1,007","1,032","1,074","1,127","1,021","1,145","1,378","1,455"
Wales,W06000002,Gwynedd,"1,328","1,318","1,364","1,404","1,519","1,643","1,726","1,846","1,972","2,015","2,050","1,990","1,966","2,041","2,098","2,200","2,182","2,231","2,230","2,357","2,396","2,470","2,218","2,426","2,616","2,842"
Wales,W06000003,Conwy,910,924,959,998,"1,058","1,125","1,184","1,233","1,285","1,299","1,307","1,257","1,308","1,364","1,402","1,504","1,563","1,624","1,685","1,826","1,834","1,888","1,764","1,816","1,938","2,196"
Wales,W06000004,Denbighshire,926,932,977,"1,026","1,112","1,178","1,259","1,305","1,360","1,386","1,420","1,376","1,416","1,467","1,462","1,551","1,604","1,626","1,704","1,786","1,845","1,893","1,873","2,009","2,207","2,377"
Wales,W06000005,Flintshire,"2,072","2,086","2,193","2,230","2,252","2,364","2,458","2,549","2,737","2,774","2,948","2,885","3,032","3,377","3,581","3,698","3,696","3,860","4,084","4,188","4,415","4,523","4,309","4,497","5,013","5,645"
Wales,W06000006,Wrexham,"1,747","1,738","1,841","1,898","1,932","2,054","2,183","2,282","2,402","2,508","2,478","2,506","2,612","2,703","2,780","2,904","2,837","2,918","2,920","2,994","3,193","3,359","3,304","3,637","3,939","4,442"
Wales,W06000008,Ceredigion,730,732,769,810,869,926,981,998,"1,058","1,079","1,098","1,094","1,120","1,180","1,162","1,202","1,169","1,222","1,258","1,288","1,354","1,361","1,319","1,380","1,555","1,703"
Wales,W06000023,Powys,"1,242","1,268","1,357","1,413","1,473","1,606","1,679","1,673","1,723","1,783","1,729","1,718","1,755","1,816","1,894","1,959","2,020","2,125","2,173","2,196","2,259","2,282","2,236","2,305","2,507","2,765"
Wales,W06000009,Pembrokeshire,"1,207","1,157","1,170","1,275","1,287","1,412","1,731","1,653","1,591","1,792","1,789","1,624","1,686","1,667","1,762","1,953","1,940","2,385","2,378","2,506","2,385","2,647","2,252","2,387","2,967","2,974"
Wales,W06000010,Carmarthenshire,"1,678","1,678","1,744","1,810","1,903","2,013","2,117","2,212","2,327","2,393","2,435","2,313","2,368","2,454","2,604","2,728","2,815","2,913","3,023","3,035","3,173","3,372","3,252","3,387","3,875","4,194"
Wales,W06000011,Swansea,"2,583","2,622","2,729","2,898","3,028","3,226","3,509","3,734","3,894","4,054","4,203","4,240","4,216","4,335","4,422","4,524","4,910","4,820","5,058","5,262","5,557","5,724","5,356","5,508","5,904","6,417"
Wales,W06000012,Neath Port Talbot,"1,369","1,387","1,447","1,385","1,382","1,404","1,433","1,508","1,667","1,721","1,776","1,716","1,888","1,892","1,944","2,042","2,092","2,174","2,273","2,322","2,367","2,538","2,352","2,575","2,672","2,817"
Wales,W06000013,Bridgend,"1,613","1,628","1,708","1,740","1,843","1,978","2,069","2,166","2,278","2,342","2,405","2,278","2,405","2,489","2,511","2,639","2,800","2,789","2,814","2,990","3,140","3,404","3,189","3,320","3,516","3,694"
Wales,W06000016,Rhondda Cynon Taf,"2,034","2,059","2,104","2,136","2,286","2,380","2,470","2,613","2,799","2,868","2,988","3,141","3,356","3,467","3,586","3,748","3,905","3,830","4,034","4,089","4,151","4,267","4,056","4,175","4,697","4,980"
Wales,W06000024,Merthyr Tydfil,542,554,593,614,643,690,762,826,849,873,886,881,880,920,920,920,923,948,971,"1,016","1,057","1,063","1,024","1,048","1,072","1,227"
Wales,W06000014,Vale of Glamorgan,"1,122","1,162","1,224","1,298","1,380","1,483","1,460","1,526","1,612","1,614","1,597","1,619","1,603","1,639","1,750","1,862","1,879","1,996","2,027","2,006","2,007","2,080","1,862","1,933","2,192","2,376"
Wales,W06000015,Cardiff,"5,164","5,554","5,841","6,074","6,441","6,921","7,285","7,724","8,142","8,784","8,729","8,929","8,925","9,241","9,674","9,857","10,186","10,412","11,069","11,530","11,814","12,443","12,346","12,995","14,083","15,366"
Wales,W06000018,Caerphilly,"1,496","1,499","1,564","1,594","1,635","1,702","1,781","1,854","1,939","1,969","2,001","2,001","2,056","2,184","2,229","2,321","2,390","2,534","2,698","2,782","2,867","3,006","2,891","3,081","3,231","3,468"
Wales,W06000019,Blaenau Gwent,526,524,551,558,574,584,615,649,672,684,682,659,688,724,759,762,754,789,784,845,894,903,860,949,"1,041","1,206"
Wales,W06000020,Torfaen,902,906,965,979,"1,030","1,117","1,177","1,239","1,311","1,308","1,306","1,259","1,313","1,379","1,364","1,439","1,471","1,439","1,415","1,484","1,593","1,719","1,600","1,641","1,817","1,982"
Wales,W06000021,Monmouthshire,968,"1,031","1,127","1,172","1,229","1,308","1,384","1,436","1,515","1,563","1,587","1,531","1,548","1,605","1,666","1,694","1,784","1,885","1,851","1,884","1,997","2,073","2,071","2,069","2,269","2,523"
Wales,W06000022,Newport,"2,009","2,079","2,210","2,264","2,316","2,517","2,666","2,761","2,902","3,031","2,915","2,884","2,993","3,097","3,157","3,115","3,109","3,231","3,567","3,721","4,075","4,187","3,942","4,067","4,485","4,811"
Scotland,S12000005,Clackmannanshire,426,444,459,459,482,519,551,589,636,688,709,692,679,703,706,712,804,853,898,934,"1,043","1,093","1,022","1,123","1,279","1,239"
Scotland,S12000047,Fife,"3,814","3,859","4,000","4,122","4,293","4,512","4,722","4,925","5,360","5,559","5,804","5,635","5,679","5,736","5,961","6,261","6,548","6,695","6,916","7,151","7,044","7,348","7,235","7,661","8,291","8,837"
Scotland,S12000030,Stirling,"1,279","1,329","1,417","1,526","1,587","1,723","1,801","1,923","1,986","2,136","2,127","2,167","2,107","2,139","2,200","2,292","2,286","2,285","2,289","2,434","2,384","2,584","2,418","2,676","2,840","3,128"
Scotland,S12000048,Perth and Kinross,"2,081","1,985","1,943","1,986","2,146","2,296","2,428","2,533","2,871","2,960","3,014","3,190","3,079","3,152","3,450","3,695","3,865","4,040","4,045","4,217","4,227","4,370","3,893","3,938","4,331","4,770"
Scotland,S12000041,Angus,"1,072","1,091","1,132","1,152","1,183","1,247","1,282","1,324","1,475","1,546","1,583","1,531","1,541","1,563","1,589","1,694","1,820","1,760","1,868","1,899","1,973","2,117","1,944","2,157","2,410","2,546"
Scotland,S12000042,Dundee City,"1,824","1,833","1,976","2,066","2,158","2,311","2,436","2,527","2,603","2,710","2,778","2,779","2,814","2,904","2,983","3,082","3,180","3,250","3,264","3,368","3,454","3,629","3,458","3,667","3,872","4,330"
Scotland,S12000010,East Lothian,759,767,792,817,872,935,985,"1,012","1,115","1,161","1,177","1,151","1,164","1,201","1,243","1,367","1,452","1,489","1,568","1,668","1,755","1,830","1,716","1,849","2,072","2,351"
Scotland,S12000019,Midlothian,657,682,734,760,786,829,883,912,923,961,"1,007",982,999,"1,044","1,088","1,191","1,269","1,359","1,399","1,469","1,562","1,635","1,576","1,709","1,865","2,005"
Scotland,S12000014,Falkirk,"2,069","2,044","2,114","2,197","2,273","2,457","2,605","2,798","2,971","3,027","3,259","3,202","3,232","3,194","3,180","3,292","3,422","3,569","3,568","3,677","3,821","4,005","3,813","4,043","4,256","4,475"
Scotland,S12000036,City of Edinburgh,"9,619","9,736","10,501","11,374","12,215","13,257","14,480","15,313","16,067","16,917","16,929","17,820","17,762","17,777","18,591","19,337","20,048","20,534","22,408","23,901","24,657","25,781","24,293","26,869","30,599","34,281"
Scotland,S12000040,West Lothian,"2,290","2,357","2,403","2,487","2,623","2,785","2,966","3,085","3,287","3,446","3,576","3,431","3,529","3,700","3,769","3,702","3,890","4,165","4,254","4,463","4,700","4,829","4,730","5,147","5,765","6,284"
Scotland,S12000021,North Ayrshire,"1,288","1,345","1,394","1,420","1,412","1,499","1,538","1,654","1,772","1,804","1,881","1,832","1,832","1,840","1,914","2,032","2,088","2,070","2,128","2,189","2,206","2,308","2,278","2,421","2,710","3,069"
Scotland,S12000013,Na h-Eileanan Siar,248,267,275,300,301,333,362,389,399,410,437,433,449,472,471,470,488,480,483,503,523,568,554,582,583,645
Scotland,S12000023,Orkney Islands,274,290,308,325,326,358,396,428,434,450,479,483,493,532,547,528,541,560,548,555,516,559,522,563,642,699
Scotland,S12000027,Shetland Islands,380,392,389,409,416,437,479,509,534,542,587,637,633,692,697,731,783,737,709,763,754,811,748,766,785,855
Scotland,S12000035,Argyll and Bute,"1,013","1,067","1,105","1,177","1,195","1,297","1,403","1,536","1,583","1,630","1,723","1,716","1,695","1,788","1,807","1,820","1,869","1,850","1,892","2,028","2,035","2,148","2,013","2,162","2,352","2,596"
Scotland,S12000017,Highland,"2,668","2,801","2,904","3,031","3,085","3,403","3,683","3,918","4,076","4,204","4,413","4,316","4,524","4,805","4,938","5,216","5,427","5,495","5,622","6,045","6,169","6,397","5,947","6,267","7,029","7,651"
Scotland,S12000020,Moray,"1,066","1,093","1,121","1,143","1,182","1,283","1,366","1,437","1,518","1,619","1,811","1,818","1,799","1,889","1,853","1,919","1,949","1,992","1,967","2,165","2,219","2,283","2,237","2,382","2,654","2,960"
Scotland,S12000039,West Dunbartonshire,844,861,906,980,"1,016","1,066","1,157","1,241","1,320","1,333","1,413","1,383","1,386","1,429","1,393","1,402","1,505","1,536","1,673","1,750","1,849","1,931","1,781","1,944","2,128","2,521"
Scotland,S12000045,East Dunbartonshire,743,761,779,813,831,880,915,980,"1,018","1,013","1,039","1,002",979,"1,013","1,051","1,108","1,210","1,259","1,280","1,381","1,420","1,456","1,310","1,464","1,621","1,720"
Scotland,S12000049,Glasgow City,"10,752","11,041","11,373","12,186","12,434","13,141","14,200","15,377","16,196","16,691","17,301","17,314","16,866","17,356","17,648","18,504","19,046","19,220","19,591","20,680","21,075","22,271","21,638","23,740","26,620","29,391"
Scotland,S12000011,East Renfrewshire,553,570,598,621,642,674,708,714,739,742,797,758,756,769,820,891,955,992,"1,019","1,076","1,084","1,087","1,072","1,176","1,273","1,415"
Scotland,S12000038,Renfrewshire,"2,301","2,321","2,451","2,572","2,650","2,735","2,883","3,023","3,181","3,110","3,309","3,181","3,161","3,290","3,348","3,530","3,876","4,002","3,948","4,192","4,346","4,498","4,370","4,850","4,852","5,181"
Scotland,S12000018,Inverclyde,794,772,820,888,935,980,"1,063","1,103","1,118","1,121","1,189","1,172","1,142","1,192","1,232","1,193","1,281","1,291","1,295","1,278","1,200","1,166","1,029","1,123","1,129","1,261"
Scotland,S12000050,North Lanarkshire,"3,786","3,789","3,911","4,166","4,327","4,584","4,840","5,149","5,420","5,487","5,857","5,701","5,670","5,788","5,912","6,191","6,903","6,993","7,195","7,721","7,913","8,292","8,028","8,624","9,212","10,391"
Scotland,S12000033,Aberdeen City,"5,041","5,044","5,130","5,557","5,810","5,900","6,237","6,598","7,532","8,452","9,453","9,285","9,634","9,864","10,658","11,273","11,445","10,947","9,822","9,568","9,901","10,272","9,247","9,406","10,231","11,099"
Scotland,S12000034,Aberdeenshire,"3,196","3,175","3,282","3,516","3,662","3,681","3,896","4,108","4,629","5,143","5,600","5,488","5,536","5,803","5,940","6,399","7,020","6,993","6,660","6,952","6,784","6,676","6,189","6,429","6,796","7,252"
Scotland,S12000026,Scottish Borders,"1,326","1,312","1,355","1,409","1,462","1,518","1,562","1,604","1,711","1,738","1,807","1,769","1,785","1,843","1,872","1,963","2,114","2,153","2,165","2,284","2,385","2,441","2,365","2,531","2,649","2,810"
Scotland,S12000006,Dumfries and Galloway,"1,883","1,944","2,071","2,201","2,241","2,380","2,469","2,532","2,667","2,692","2,856","2,786","2,714","2,831","2,893","3,044","3,182","3,164","3,228","3,424","3,395","3,566","3,413","3,568","3,805","4,150"
Scotland,S12000008,East Ayrshire,"1,068","1,103","1,150","1,229","1,258","1,299","1,362","1,478","1,580","1,631","1,714","1,683","1,654","1,674","1,689","1,700","1,741","1,771","1,798","1,946","1,898","1,911","1,840","1,975","2,134","2,384"
Scotland,S12000028,South Ayrshire,"1,376","1,399","1,495","1,568","1,638","1,694","1,788","1,879","1,986","1,964","2,059","2,044","2,070","2,112","2,097","2,096","2,203","2,237","2,257","2,374","2,435","2,461","2,194","2,297","2,600","2,901"
Scotland,S12000029,South Lanarkshire,"3,501","3,545","3,618","3,807","3,968","4,220","4,455","4,782","5,192","5,284","5,601","5,540","5,462","5,564","5,724","6,005","6,230","6,247","6,399","6,826","6,766","6,930","6,523","6,807","7,478","8,273"
Northern Ireland,N09000003,Belfast,"5,636","5,990","6,460","6,809","7,098","7,811","8,317","8,817","9,302","9,710","9,879","9,902","9,577","9,842","10,093","10,686","10,807","11,222","12,024","12,836","13,259","13,820","13,166","15,086","16,518","18,458"
Northern Ireland,N09000002,"Armagh City, Banbridge and Craigavon","1,641","1,721","1,844","1,980","2,035","2,170","2,284","2,409","2,572","2,732","2,733","2,633","2,654","2,718","2,794","2,984","3,137","3,259","3,520","3,661","3,889","4,126","3,953","4,351","4,690","5,303"
Northern Ireland,N09000010,"Newry, Mourne and Down","1,292","1,372","1,486","1,566","1,616","1,735","1,821","1,931","2,051","2,108","2,174","2,076","2,053","2,160","2,258","2,386","2,542","2,602","2,777","2,885","3,011","3,238","3,119","3,360","3,654","4,008"
Northern Ireland,N09000011,Ards and North Down,"1,059","1,113","1,188","1,247","1,297","1,386","1,423","1,529","1,630","1,682","1,708","1,623","1,591","1,645","1,700","1,652","1,729","1,738","1,913","2,037","2,120","2,205","2,146","2,290","2,438","2,639"
Northern Ireland,N09000005,Derry City and Strabane,"1,289","1,352","1,408","1,460","1,503","1,692","1,732","1,894","2,040","2,038","2,116","2,112","2,074","2,119","2,213","2,248","2,290","2,327","2,496","2,660","2,724","2,956","2,972","3,170","3,483","3,698"
Northern Ireland,N09000009,Mid Ulster,"1,529","1,626","1,783","1,840","1,876","2,078","2,155","2,276","2,403","2,510","2,434","2,194","2,300","2,337","2,388","2,574","2,724","2,831","2,980","3,107","3,383","3,682","3,410","3,800","4,259","4,623"
Northern Ireland,N09000004,Causeway Coast and Glens,"1,120","1,188","1,315","1,332","1,373","1,491","1,546","1,628","1,747","1,787","1,786","1,723","1,735","1,811","1,865","1,881","1,909","1,907","2,056","2,163","2,153","2,248","2,118","2,362","2,567","2,788"
Northern Ireland,N09000001,Antrim and Newtownabbey,"1,608","1,697","1,826","1,926","1,982","2,074","2,156","2,246","2,389","2,514","2,483","2,381","2,410","2,489","2,542","2,540","2,714","2,799","2,916","3,107","3,184","3,397","3,409","3,615","3,767","4,249"
Northern Ireland,N09000007,Lisburn and Castlereagh,"1,444","1,524","1,644","1,744","1,790","1,917","1,973","2,094","2,221","2,306","2,308","2,267","2,257","2,313","2,422","2,490","2,577","2,693","2,841","2,930","3,131","3,353","3,176","3,508","3,847","4,294"
Northern Ireland,N09000008,Mid and East Antrim,"1,927","2,013","2,205","2,119","2,182","2,218","2,363","2,346","2,457","2,485","2,605","2,793","2,723","2,558","2,922","2,902","2,848","3,161","3,082","2,771","2,356","2,494","2,408","2,612","2,826","3,152"
Northern Ireland,N09000006,Fermanagh and Omagh,"1,059","1,113","1,185","1,243","1,288","1,389","1,463","1,577","1,674","1,702","1,712","1,651","1,626","1,643","1,755","1,669","1,795","1,811","1,942","2,073","2,176","2,299","2,269","2,461","2,652","2,928"
